viv_coupling,xi_extrema
0.2,0.17382026483269153
0.2,0.16971520459908823
0.2,0.16261508398159075
0.2,0.15929807575721897
0.2,0.16806964115875284
0.2,0.16280060979556193
0.2,0.16274240985278177
0.2,0.15972169277796938
0.2,0.15735390266716898
0.2,0.15719865538749406
0.2,0.15942007906785072
0.2,0.17104331732720132
0.2,0.17018327528848912
0.2,0.16276554442205574
0.2,0.17276341791959782
0.2,0.15965656726840335
0.2,0.16974703719116094
0.2,0.1668933898000266
0.2,0.17287105255369092
0.2,-0.16501795776250042
0.2,-0.17591168928557133
0.2,-0.16074282090315817
0.2,-0.16861012471642683
0.2,-0.16692990134512142
0.2,-0.1743435811396226
0.2,-0.16950280642745633
0.2,-0.15830967623544784
0.2,-0.15159622383875673
0.2,-0.1571246006667918
0.2,-0.15984195900867615
0.2,-0.16493596145743722
0.2,-0.17647044812386156
0.2,-0.1701734210582359
0.2,-0.17015244315995529
0.2,-0.1669848048467275
0.2,-0.165896942089485
0.2,-0.171281075930942
0.2,-0.17580409659568685
0.2,-0.16813291024813432
0.26153846153846155,0.23254461774489368
0.26153846153846155,0.2269294715701681
0.26153846153846155,0.23435574588867475
0.26153846153846155,0.23491517912810436
0.26153846153846155,0.22802256415673794
0.26153846153846155,0.23174380906156297
0.26153846153846155,0.244333889833505
0.26153846153846155,0.24405398239808593
0.26153846153846155,0.24147900291558763
0.26153846153846155,0.2272030457949779
0.26153846153846155,0.22326958231482807
0.26153846153846155,0.22720818603699813
0.26153846153846155,0.22320340535539393
0.26153846153846155,0.232103795213556
0.26153846153846155,0.23025362332332105
0.26153846153846155,0.2408190955105293
0.26153846153846155,0.24719177701483344
0.26153846153846155,0.23610441838017543
0.26153846153846155,0.22632223831534262
0.26153846153846155,-0.2403848253771443
0.26153846153846155,-0.22406419166271108
0.26153846153846155,-0.22590179096121596
0.26153846153846155,-0.2325988736916945
0.26153846153846155,-0.22564541733179858
0.26153846153846155,-0.22997719975562178
0.26153846153846155,-0.24242271862461523
0.26153846153846155,-0.24320569955311405
0.26153846153846155,-0.24723693841167163
0.26153846153846155,-0.23327596181451418
0.26153846153846155,-0.21752198378643467
0.26153846153846155,-0.23418944509111078
0.26153846153846155,-0.22927514043544023
0.26153846153846155,-0.21755479290712013
0.26153846153846155,-0.23337500609648748
0.26153846153846155,-0.24340773058831958
0.26153846153846155,-0.2369851118384492
0.26153846153846155,-0.24468723832785513
0.26153846153846155,-0.2322538527412549
0.3230769230769231,0.3384192921028578
0.3230769230769231,0.35705016376864895
0.3230769230769231,0.35401711836450594
0.3230769230769231,0.32667742795654797
0.3230769230769231,0.33736679803947156
0.3230769230769231,0.34051000837692247
0.3230769230769231,0.32561889625970725
0.3230769230769231,0.31444233621051315
0.3230769230769231,0.31577865021993884
0.3230769230769231,0.3077646186638666
0.3230769230769231,0.3177627505577184
0.3230769230769231,0.34731166994015616
0.3230769230769231,0.35352769068327067
0.3230769230769231,0.331231877012134
0.3230769230769231,0.34177737227126154
0.3230769230769231,0.33610726553406806
0.3230769230769231,0.34448680104504
0.3230769230769231,0.31083424354681505
0.3230769230769231,0.30101373904121775
0.3230769230769231,-0.3495272542934877
0.3230769230769231,-0.36140576080040177
0.3230769230769231,-0.34851344820944413
0.3230769230769231,-0.3277022160460075
0.3230769230769231,-0.3236883978489479
0.3230769230769231,-0.3356390588575001
0.3230769230769231,-0.3121351530724649
0.3230769230769231,-0.31942441581415876
0.3230769230769231,-0.3102034735461391
0.3230769230769231,-0.30046535974669286
0.3230769230769231,-0.33175549273100446
0.3230769230769231,-0.3605716764856282
0.3230769230769231,-0.3475046742345159
0.3230769230769231,-0.3296657797369163
0.3230769230769231,-0.33819478717410556
0.3230769230769231,-0.33395400161577227
0.3230769230769231,-0.326408865261812
0.3230769230769231,-0.316857718620024
0.3230769230769231,-0.301819958156405
0.3846153846153846,0.3802938889654317
0.3846153846153846,0.37446989924458957
0.3846153846153846,0.3782806882366341
0.3846153846153846,0.37647227815481094
0.3846153846153846,0.3890492079034245
0.3846153846153846,0.39294932332489924
0.3846153846153846,0.41147793878964517
0.3846153846153846,0.423114123086572
0.3846153846153846,0.4012260686722568
0.3846153846153846,0.4079472604479321
0.3846153846153846,0.4320195206062534
0.3846153846153846,0.4280205026128089
0.3846153846153846,0.42261328465795545
0.3846153846153846,0.4124716466057796
0.3846153846153846,0.43543340911792894
0.3846153846153846,0.4297463558654605
0.3846153846153846,0.42564856987151334
0.3846153846153846,0.4569600992298998
0.3846153846153846,0.47274274161461
0.3846153846153846,-0.37952723425725016
0.3846153846153846,-0.38201577136622583
0.3846153846153846,-0.36486040533244396
0.3846153846153846,-0.36583225294542837
0.3846153846153846,-0.38222187179113953
0.3846153846153846,-0.3953969902604408
0.3846153846153846,-0.43532652258578725
0.3846153846153846,-0.42366707088060873
0.3846153846153846,-0.38659993198673226
0.3846153846153846,-0.40726157002301555
0.3846153846153846,-0.4445968221715112
0.3846153846153846,-0.4263141025881493
0.3846153846153846,-0.4205628866000444
0.3846153846153846,-0.4133828866637312
0.3846153846153846,-0.433261989622423
0.3846153846153846,-0.4340581368752644
0.3846153846153846,-0.44290385971217644
0.3846153846153846,-0.46291295695371704
0.3846153846153846,-0.4602093281453078
0.4461538461538461,0.5045071012761994
0.4461538461538461,0.5296960822936102
0.4461538461538461,0.5457518528988156
0.4461538461538461,0.5232958451594599
0.4461538461538461,0.5224734701812185
0.4461538461538461,0.5043406873363857
0.4461538461538461,0.5000154645989227
0.4461538461538461,0.5028512022113615
0.4461538461538461,0.5290261816961329
0.4461538461538461,0.5108610407223257
0.4461538461538461,0.5112513556983632
0.4461538461538461,0.5036045931550632
0.4461538461538461,0.4856144196857261
0.4461538461538461,0.5167930827025392
0.4461538461538461,0.49429224835523977
0.4461538461538461,0.5110372523559547
0.4461538461538461,0.4941918464755749
0.4461538461538461,0.508562391903301
0.4461538461538461,0.5404146046264144
0.4461538461538461,0.5532296825029509
0.4461538461538461,-0.5276885091928459
0.4461538461538461,-0.5541887465502031
0.4461538461538461,-0.5225043416876848
0.4461538461538461,-0.504229210860145
0.4461538461538461,-0.5027347382169187
0.4461538461538461,-0.5238826639798665
0.4461538461538461,-0.48102442295808884
0.4461538461538461,-0.5096006958252646
0.4461538461538461,-0.5287306643347751
0.4461538461538461,-0.5098480566743016
0.4461538461538461,-0.4828948396314959
0.4461538461538461,-0.5053861626622068
0.4461538461538461,-0.5171514167555334
0.4461538461538461,-0.5229400379537891
0.4461538461538461,-0.5115169219164202
0.4461538461538461,-0.48950375630580906
0.4461538461538461,-0.48611973178881646
0.4461538461538461,-0.5226334440442059
0.4461538461538461,-0.5534983890821726
0.5076923076923077,0.5715962606886663
0.5076923076923077,0.6081839128284289
0.5076923076923077,0.631266973239067
0.5076923076923077,0.586094839827456
0.5076923076923077,0.6070072320313212
0.5076923076923077,0.6240009775777609
0.5076923076923077,0.6195760630818259
0.5076923076923077,0.6137078254690662
0.5076923076923077,0.6036175937611538
0.5076923076923077,0.6546071967089266
0.5076923076923077,0.6294222648494565
0.5076923076923077,0.6271671925886488
0.5076923076923077,0.6125552641304484
0.5076923076923077,0.5798883370914831
0.5076923076923077,0.6127035722346672
0.5076923076923077,0.6098496891347808
0.5076923076923077,0.6405142372229116
0.5076923076923077,0.5860169293307748
0.5076923076923077,0.6199785714400998
0.5076923076923077,-0.5875953625100396
0.5076923076923077,-0.5964273036739851
0.5076923076923077,-0.5969183004485777
0.5076923076923077,-0.6070583550720071
0.5076923076923077,-0.6346295489785594
0.5076923076923077,-0.6378420172032322
0.5076923076923077,-0.6167871056511607
0.5076923076923077,-0.6109016882240407
0.5076923076923077,-0.6194724317751712
0.5076923076923077,-0.6327973532265154
0.5076923076923077,-0.650169727041955
0.5076923076923077,-0.6098917880002724
0.5076923076923077,-0.5922458413855031
0.5076923076923077,-0.6129872486972331
0.5076923076923077,-0.6136125725560282
0.5076923076923077,-0.6124674622777699
0.5076923076923077,-0.6168854937709359
0.5076923076923077,-0.6205119559314562
0.5076923076923077,-0.6319164021067456
0.5692307692307692,0.7116885365878138
0.5692307692307692,0.7550229917741538
0.5692307692307692,0.7953489137629614
0.5692307692307692,0.7963036474749761
0.5692307692307692,0.7845249294785225
0.5692307692307692,0.842933085892096
0.5692307692307692,0.8153768859860733
0.5692307692307692,0.7713068626324949
0.5692307692307692,0.7948682029954763
0.5692307692307692,0.7500980114523843
0.5692307692307692,0.7722480489064257
0.5692307692307692,0.747142075449552
0.5692307692307692,0.6949355951084715
0.5692307692307692,0.6996251685374827
0.5692307692307692,0.7110240368894086
0.5692307692307692,0.7321439432430328
0.5692307692307692,0.7501662450978315
0.5692307692307692,0.7421671074416639
0.5692307692307692,0.7675392233940711
0.5692307692307692,0.7260440954652957
0.5692307692307692,-0.7380704896602649
0.5692307692307692,-0.7733541727567886
0.5692307692307692,-0.7684942433670229
0.5692307692307692,-0.7756229213813022
0.5692307692307692,-0.8138692860740941
0.5692307692307692,-0.7867590959162214
0.5692307692307692,-0.7862594818213626
0.5692307692307692,-0.7590515365802011
0.5692307692307692,-0.7408529685099658
0.5692307692307692,-0.7624191141102592
0.5692307692307692,-0.7313251861246953
0.5692307692307692,-0.707565780955959
0.5692307692307692,-0.6965383353432409
0.5692307692307692,-0.7014211786552884
0.5692307692307692,-0.6994501083218244
0.5692307692307692,-0.7532382621714315
0.5692307692307692,-0.747180515389955
0.5692307692307692,-0.7373030540519702
0.5692307692307692,-0.7624738261288369
0.6307692307692307,0.8410818590660313
0.6307692307692307,0.8186970125052085
0.6307692307692307,0.8187910134272802
0.6307692307692307,0.8665217475062549
0.6307692307692307,0.8825592641538165
0.6307692307692307,0.8998710913930114
0.6307692307692307,0.9153514682615278
0.6307692307692307,0.9286867040523645
0.6307692307692307,0.8872199816840218
0.6307692307692307,0.9074492471725859
0.6307692307692307,0.9486081483225203
0.6307692307692307,0.9108390445907014
0.6307692307692307,0.930235891719844
0.6307692307692307,0.8835263446612828
0.6307692307692307,0.8628683791566165
0.6307692307692307,0.8601614594565516
0.6307692307692307,0.9182175582150812
0.6307692307692307,0.8889167579258762
0.6307692307692307,0.8446253346689235
0.6307692307692307,0.812925242486538
0.6307692307692307,-0.837205596065362
0.6307692307692307,-0.8199720970809565
0.6307692307692307,-0.8673950007558301
0.6307692307692307,-0.8665903671273227
0.6307692307692307,-0.9170423931553436
0.6307692307692307,-0.9375356436916643
0.6307692307692307,-0.9515356920947237
0.6307692307692307,-0.904060469666711
0.6307692307692307,-0.9251348470353381
0.6307692307692307,-0.9419473113741952
0.6307692307692307,-0.9263740104320816
0.6307692307692307,-0.8993165785627403
0.6307692307692307,-0.8669716463152816
0.6307692307692307,-0.8477410676665337
0.6307692307692307,-0.8565221232369857
0.6307692307692307,-0.8851101917807248
0.6307692307692307,-0.9036884159850773
0.6307692307692307,-0.881248075541518
0.6307692307692307,-0.8212479431997957
0.6923076923076923,0.9086192268205862
0.6923076923076923,0.8939462077987301
0.6923076923076923,0.9239705395672075
0.6923076923076923,0.9083418651484473
0.6923076923076923,0.8853505146608438
0.6923076923076923,0.9262926138042621
0.6923076923076923,0.9883649607353862
0.6923076923076923,0.9551203004122312
0.6923076923076923,1.01092708518839
0.6923076923076923,0.9971676089464162
0.6923076923076923,0.9222623175276707
0.6923076923076923,0.9342554405212339
0.6923076923076923,0.931799029954141
0.6923076923076923,0.949748632144856
0.6923076923076923,0.9787056211732235
0.6923076923076923,0.9686482809876731
0.6923076923076923,1.0031642614747962
0.6923076923076923,1.0314316260364726
0.6923076923076923,0.98277215332154
0.6923076923076923,0.9793970716696412
0.6923076923076923,-0.9235786706819218
0.6923076923076923,-0.9220252547780651
0.6923076923076923,-0.9229859969655918
0.6923076923076923,-0.917613319796543
0.6923076923076923,-0.9479964361011395
0.6923076923076923,-0.9626481593846312
0.6923076923076923,-0.9811038049443228
0.6923076923076923,-0.9854705371484009
0.6923076923076923,-0.9999227973648954
0.6923076923076923,-0.9737624861644374
0.6923076923076923,-0.9287768404555321
0.6923076923076923,-0.9562994415168087
0.6923076923076923,-0.9374209295031911
0.6923076923076923,-0.9536480674602084
0.6923076923076923,-0.9420178145135003
0.6923076923076923,-0.962062697916877
0.6923076923076923,-0.9823976061449761
0.6923076923076923,-1.0157924146257
0.6923076923076923,-0.9756338330671641
0.7538461538461538,1.0656695726811947
0.7538461538461538,1.10180510654181
0.7538461538461538,1.0393317525592807
0.7538461538461538,1.035909117712311
0.7538461538461538,1.036516373730155
0.7538461538461538,1.0268551472040148
0.7538461538461538,1.0882258378519047
0.7538461538461538,1.031640969119513
0.7538461538461538,1.069872176845948
0.7538461538461538,1.0794810503661159
0.7538461538461538,1.0524569746639143
0.7538461538461538,1.0517720897747818
0.7538461538461538,1.0098951203164985
0.7538461538461538,1.077398573392601
0.7538461538461538,1.1192531053413883
0.7538461538461538,1.057124415349406
0.7538461538461538,1.0109296368629799
0.7538461538461538,1.005681392599341
0.7538461538461538,1.048388344227966
0.7538461538461538,-1.047655451084048
0.7538461538461538,-1.1051035009038899
0.7538461538461538,-1.0668485305673665
0.7538461538461538,-1.0573819819761794
0.7538461538461538,-1.0462048609370482
0.7538461538461538,-1.0326898383145107
0.7538461538461538,-1.088545231290724
0.7538461538461538,-1.0477938467262407
0.7538461538461538,-1.0347768590728645
0.7538461538461538,-1.0347878887597604
0.7538461538461538,-1.0455341515854137
0.7538461538461538,-1.0793193203800588
0.7538461538461538,-1.058840243892359
0.7538461538461538,-1.0209784142494536
0.7538461538461538,-1.0656447250076462
0.7538461538461538,-1.1007195634818951
0.7538461538461538,-1.0314017111446805
0.7538461538461538,-1.0265262826927393
0.7538461538461538,-1.0506385578009143
0.7538461538461538,-1.061489768753915
0.8153846153846154,1.2764178164049778
0.8153846153846154,1.2710297753041797
0.8153846153846154,1.2824197573156928
0.8153846153846154,1.2452891400887443
0.8153846153846154,1.2448559553346215
0.8153846153846154,1.2823524014971037
0.8153846153846154,1.2583029842684033
0.8153846153846154,1.304581230711164
0.8153846153846154,1.3611975115472719
0.8153846153846154,1.2601919924620923
0.8153846153846154,1.2339821900798158
0.8153846153846154,1.147537762814094
0.8153846153846154,1.2020655496225794
0.8153846153846154,1.2385401488327055
0.8153846153846154,1.291063994501615
0.8153846153846154,1.2147082933098126
0.8153846153846154,1.243585845399793
0.8153846153846154,1.2817379817104062
0.8153846153846154,1.2383002589528498
0.8153846153846154,-1.2365354005241647
0.8153846153846154,-1.2665201585641548
0.8153846153846154,-1.2181990746149434
0.8153846153846154,-1.2559569641628883
0.8153846153846154,-1.294884081890394
0.8153846153846154,-1.2863064773421427
0.8153846153846154,-1.2563342368763488
0.8153846153846154,-1.3053820019988611
0.8153846153846154,-1.3323179906634823
0.8153846153846154,-1.315887720461333
0.8153846153846154,-1.2068654610040672
0.8153846153846154,-1.1682131477735866
0.8153846153846154,-1.1230210414712856
0.8153846153846154,-1.2461643185924953
0.8153846153846154,-1.2336722340960242
0.8153846153846154,-1.2183039888902216
0.8153846153846154,-1.2103829696909625
0.8153846153846154,-1.2826795707438863
0.8153846153846154,-1.2570566571042687
0.8153846153846154,-1.188536634392765
0.8769230769230769,1.423134475355066
0.8769230769230769,1.3718435924545158
0.8769230769230769,1.3441042250963995
0.8769230769230769,1.3372760832726218
0.8769230769230769,1.2541339222318362
0.8769230769230769,1.3344851190548066
0.8769230769230769,1.3951435671406378
0.8769230769230769,1.4269812620910796
0.8769230769230769,1.370711865533983
0.8769230769230769,1.4654718384958174
0.8769230769230769,1.3670643412107224
0.8769230769230769,1.3845265800739388
0.8769230769230769,1.3949954545987662
0.8769230769230769,1.3298675480357165
0.8769230769230769,1.3686549028316126
0.8769230769230769,1.4109320695478198
0.8769230769230769,1.3208342847512946
0.8769230769230769,1.3703936632700835
0.8769230769230769,1.3148533905612136
0.8769230769230769,-1.4857404028924261
0.8769230769230769,-1.3809895908512215
0.8769230769230769,-1.356913213967192
0.8769230769230769,-1.3372885527536684
0.8769230769230769,-1.266575778686367
0.8769230769230769,-1.2624722835679576
0.8769230769230769,-1.3799703718817993
0.8769230769230769,-1.4542334837549435
0.8769230769230769,-1.4463968365265907
0.8769230769230769,-1.4377561884009225
0.8769230769230769,-1.389964886919499
0.8769230769230769,-1.3184552860885164
0.8769230769230769,-1.3355057936041224
0.8769230769230769,-1.3157415071676963
0.8769230769230769,-1.3756411818045913
0.8769230769230769,-1.3764816826314692
0.8769230769230769,-1.3431379069982863
0.8769230769230769,-1.3717639736096863
0.8769230769230769,-1.3687163424067492
0.8769230769230769,-1.3772217203755743
0.9384615384615385,1.4171166621254292
0.9384615384615385,1.3677783208304863
0.9384615384615385,1.3865937559350463
0.9384615384615385,1.39941303093317
0.9384615384615385,1.3211627948597806
0.9384615384615385,1.4143992232436853
0.9384615384615385,1.421442982288461
0.9384615384615385,1.4087660293088822
0.9384615384615385,1.4740819980923203
0.9384615384615385,1.4559043653381707
0.9384615384615385,1.4527367220378529
0.9384615384615385,1.4467578095866744
0.9384615384615385,1.564958352351132
0.9384615384615385,1.5794968404869423
0.9384615384615385,1.5900854366245611
0.9384615384615385,1.5785665990665498
0.9384615384615385,1.4914865756167135
0.9384615384615385,1.4361388187370803
0.9384615384615385,1.457305255341581
0.9384615384615385,1.5192497748307612
0.9384615384615385,-1.418327026181571
0.9384615384615385,-1.4440615518259192
0.9384615384615385,-1.4205714705612116
0.9384615384615385,-1.360971987636183
0.9384615384615385,-1.3771921148855033
0.9384615384615385,-1.4131465773573997
0.9384615384615385,-1.3965777893683056
0.9384615384615385,-1.4969234732845578
0.9384615384615385,-1.4436281778981117
0.9384615384615385,-1.4629598593868876
0.9384615384615385,-1.4621429084283106
0.9384615384615385,-1.5158255686720812
0.9384615384615385,-1.5319530905764807
0.9384615384615385,-1.6132717936884284
0.9384615384615385,-1.6123128827530304
0.9384615384615385,-1.5954099039806642
0.9384615384615385,-1.4413718788005203
0.9384615384615385,-1.4536027684017134
0.9384615384615385,-1.5346691589973351
1.0,1.5799294780199775
1.0,1.567417116580629
1.0,1.575666585782837
1.0,1.5702617917360047
1.0,1.6468689452181382
1.0,1.6273496347183127
1.0,1.7451537384957552
1.0,1.5737102522267643
1.0,1.6749925973077064
1.0,1.6473066150087727
1.0,1.6640286811743783
1.0,1.6240582193350537
1.0,1.6426757043502316
1.0,1.6080591095528802
1.0,1.6211003781810769
1.0,1.6539425712336255
1.0,1.568602156485451
1.0,1.6559557641695932
1.0,1.6319625325618508
1.0,1.5163956229297106
1.0,-1.548272506619041
1.0,-1.5758795436150232
1.0,-1.6255116940365768
1.0,-1.651760893259165
1.0,-1.567208966469625
1.0,-1.6911506076344287
1.0,-1.6546644491319717
1.0,-1.6007168051800325
1.0,-1.6297500548289436
1.0,-1.6265618058199518
1.0,-1.6749083726810103
1.0,-1.6966638282097126
1.0,-1.6646809541733938
1.0,-1.6640780155578208
1.0,-1.5780914894005647
1.0,-1.5714853532807462
1.0,-1.5675890033915962
1.0,-1.6317211961722593
1.0,-1.5903200515931448
1.0,-1.5143189207682743
1.0615384615384615,1.767046940023903
1.0615384615384615,1.8180702632249572
1.0615384615384615,1.789713082128061
1.0615384615384615,1.7868836588715955
1.0615384615384615,1.7679724402869743
1.0615384615384615,1.7515307321921427
1.0615384615384615,1.7611647404960782
1.0615384615384615,1.7804611224426607
1.0615384615384615,1.7905476327777166
1.0615384615384615,1.6924048650516057
1.0615384615384615,1.7109142109250806
1.0615384615384615,1.7578815812919302
1.0615384615384615,1.7589850418067394
1.0615384615384615,1.714293843846208
1.0615384615384615,1.7749588592506778
1.0615384615384615,1.832838293358292
1.0615384615384615,1.7512839527017015
1.0615384615384615,1.7948575810211758
1.0615384615384615,1.7962848184820968
1.0615384615384615,1.7149773948014646
1.0615384615384615,-1.8472342561836745
1.0615384615384615,-1.812230902743572
1.0615384615384615,-1.7782085520109345
1.0615384615384615,-1.7858904447254582
1.0615384615384615,-1.8393911840949604
1.0615384615384615,-1.7470463859629113
1.0615384615384615,-1.740159964988103
1.0615384615384615,-1.7957548178697715
1.0615384615384615,-1.7716399232537552
1.0615384615384615,-1.6991297064953754
1.0615384615384615,-1.7044463648809727
1.0615384615384615,-1.7978201259608488
1.0615384615384615,-1.7599611583375743
1.0615384615384615,-1.8049830302524847
1.0615384615384615,-1.7524436784718014
1.0615384615384615,-1.8489440550441614
1.0615384615384615,-1.7427854652165
1.0615384615384615,-1.8700529111664193
1.0615384615384615,-1.7238622361527116
1.0615384615384615,-1.7357933152965008
1.123076923076923,1.9580469203253452
1.123076923076923,1.9204396183316716
1.123076923076923,1.9329187121768492
1.123076923076923,1.910691417409134
1.123076923076923,1.846524961523696
1.123076923076923,1.857284060299358
1.123076923076923,1.808397473592061
1.123076923076923,1.8374320898263514
1.123076923076923,1.8870307479495094
1.123076923076923,1.7920314255405871
1.123076923076923,1.787621824324033
1.123076923076923,1.8004183780336462
1.123076923076923,1.8855992791907588
1.123076923076923,1.8499961357161265
1.123076923076923,1.9313847222735354
1.123076923076923,1.955892855017184
1.123076923076923,2.040677383889568
1.123076923076923,1.9212689603329594
1.123076923076923,1.8073729737479307
1.123076923076923,1.8592040602475057
1.123076923076923,1.733361822318225
1.123076923076923,-1.9218000129614299
1.123076923076923,-1.945894085677184
1.123076923076923,-1.9289054949715458
1.123076923076923,-1.9512510363857734
1.123076923076923,-1.78709122987778
1.123076923076923,-1.8538986564093263
1.123076923076923,-1.7608048408526198
1.123076923076923,-1.8399777831139952
1.123076923076923,-1.8842564672365463
1.123076923076923,-1.7830407777421449
1.123076923076923,-1.7954921985924206
1.123076923076923,-1.8730596773846706
1.123076923076923,-1.7952430113772009
1.123076923076923,-1.9354250970110332
1.123076923076923,-1.8841586873374465
1.123076923076923,-1.993223747883817
1.123076923076923,-1.933198889640201
1.123076923076923,-1.864097773924536
1.123076923076923,-1.8503574393463549
1.123076923076923,-1.7948436762163638
1.1846153846153846,2.2063611306972
1.1846153846153846,2.102720974109058
1.1846153846153846,2.065871727354714
1.1846153846153846,1.976937472024897
1.1846153846153846,2.012514316094671
1.1846153846153846,2.153594181623229
1.1846153846153846,2.0554672125936055
1.1846153846153846,1.9862908335674963
1.1846153846153846,1.9598579240341896
1.1846153846153846,2.0035550379676312
1.1846153846153846,1.9272516015506067
1.1846153846153846,1.8949338517290801
1.1846153846153846,1.8856273014772067
1.1846153846153846,1.9893003987229794
1.1846153846153846,2.002253634981924
1.1846153846153846,2.0596353332225585
1.1846153846153846,2.0604664068528256
1.1846153846153846,2.0278406364749593
1.1846153846153846,2.035274945146546
1.1846153846153846,1.9951041923282473
1.1846153846153846,-2.1543178115297037
1.1846153846153846,-2.130695797099999
1.1846153846153846,-2.12402193310107
1.1846153846153846,-1.972925278390788
1.1846153846153846,-1.9066085701722735
1.1846153846153846,-2.1030920292928066
1.1846153846153846,-2.1309095624551837
1.1846153846153846,-1.9916188717040513
1.1846153846153846,-1.991766746488533
1.1846153846153846,-1.965089126150678
1.1846153846153846,-2.012973792433047
1.1846153846153846,-1.9599466272962727
1.1846153846153846,-1.8687658299718233
1.1846153846153846,-1.9481626531139231
1.1846153846153846,-2.0132488901036156
1.1846153846153846,-1.99200335701659
1.1846153846153846,-1.968602442219688
1.1846153846153846,-2.052238235255121
1.1846153846153846,-1.9516233430995733
1.1846153846153846,-2.0546512021004872
1.1846153846153846,-1.990769915672849
1.246153846153846,2.2163629849688906
1.246153846153846,2.2218631206766686
1.246153846153846,2.181041946460167
1.246153846153846,2.1522014803399885
1.246153846153846,2.1299973220817647
1.246153846153846,2.0774412287115878
1.246153846153846,2.1904957808669896
1.246153846153846,2.1406760645451803
1.246153846153846,2.2129496957319863
1.246153846153846,2.0936001880143924
1.246153846153846,1.9894233722501355
1.246153846153846,2.1612345595881144
1.246153846153846,2.148492278033517
1.246153846153846,2.0677802210462715
1.246153846153846,2.0856362968807596
1.246153846153846,2.0977656370318427
1.246153846153846,2.129415491802228
1.246153846153846,2.1380256176091503
1.246153846153846,2.248975646979331
1.246153846153846,2.230134951885426
1.246153846153846,2.278429005117854
1.246153846153846,-2.2536784851652483
1.246153846153846,-2.195583439514938
1.246153846153846,-2.171384436390801
1.246153846153846,-2.1509456109555205
1.246153846153846,-2.128941726637885
1.246153846153846,-2.1868153877478615
1.246153846153846,-2.178883513940764
1.246153846153846,-2.1568898154517853
1.246153846153846,-2.202533043078656
1.246153846153846,-2.0351783370328924
1.246153846153846,-2.0848049398076403
1.246153846153846,-2.0995853623372667
1.246153846153846,-2.113520476315891
1.246153846153846,-2.1679245390665636
1.246153846153846,-2.05635951935217
1.246153846153846,-2.1627243502810565
1.246153846153846,-2.057286901906139
1.246153846153846,-2.1454636762425836
1.246153846153846,-2.2639019530507283
1.246153846153846,-2.303400175085025
1.3076923076923075,2.2179575495880295
1.3076923076923075,2.271068449214476
1.3076923076923075,2.3009941946416754
1.3076923076923075,2.276129156970868
1.3076923076923075,2.2722759768188645
1.3076923076923075,2.370204339107438
1.3076923076923075,2.414500196342777
1.3076923076923075,2.3562971764915703
1.3076923076923075,2.346736186198024
1.3076923076923075,2.319115962771089
1.3076923076923075,2.145368620272925
1.3076923076923075,2.2755566045306366
1.3076923076923075,2.2757082108993147
1.3076923076923075,2.2092505859722085
1.3076923076923075,2.2342164070632777
1.3076923076923075,2.3440364866051726
1.3076923076923075,2.3837600913981882
1.3076923076923075,2.3923298204445986
1.3076923076923075,2.3302310777797355
1.3076923076923075,2.3527950204779224
1.3076923076923075,2.432085819975617
1.3076923076923075,-2.1691547055639275
1.3076923076923075,-2.2863231152836856
1.3076923076923075,-2.295851638952017
1.3076923076923075,-2.2981126353954897
1.3076923076923075,-2.294868921880915
1.3076923076923075,-2.376328047119907
1.3076923076923075,-2.4926382879639895
1.3076923076923075,-2.345643191735426
1.3076923076923075,-2.3934969982225573
1.3076923076923075,-2.2181751051957153
1.3076923076923075,-2.1821671774572713
1.3076923076923075,-2.2079513366137546
1.3076923076923075,-2.3006619764690166
1.3076923076923075,-2.2380531227993865
1.3076923076923075,-2.3455839446786477
1.3076923076923075,-2.3259253430533096
1.3076923076923075,-2.4717013596670596
1.3076923076923075,-2.4644831942224563
1.3076923076923075,-2.3193712229684356
1.3076923076923075,-2.4491562171833374
1.3076923076923075,-2.399884564057514
1.369230769230769,2.4527377138594946
1.369230769230769,2.38269390959545
1.369230769230769,2.4519720614567153
1.369230769230769,2.3580604482433776
1.369230769230769,2.308275493688562
1.369230769230769,2.366776370226447
1.369230769230769,2.4980447635683762
1.369230769230769,2.5625391643870006
1.369230769230769,2.4585424748123
1.369230769230769,2.409880487947078
1.369230769230769,2.4760090793601104
1.369230769230769,2.4512826325130415
1.369230769230769,2.3946048845033707
1.369230769230769,2.278229048781486
1.369230769230769,2.2377837330621304
1.369230769230769,2.2775888788642287
1.369230769230769,2.2402845956350474
1.369230769230769,2.233901563808983
1.369230769230769,2.2816533453003016
1.369230769230769,2.4303520039921946
1.369230769230769,2.376739151293127
1.369230769230769,-2.4757762802179295
1.369230769230769,-2.35132275293985
1.369230769230769,-2.382890550320935
1.369230769230769,-2.4519361018429517
1.369230769230769,-2.361794825237184
1.369230769230769,-2.256890049250301
1.369230769230769,-2.3909246432552114
1.369230769230769,-2.588739773695366
1.369230769230769,-2.528550397125654
1.369230769230769,-2.393614932379608
1.369230769230769,-2.417346975559592
1.369230769230769,-2.456571987310497
1.369230769230769,-2.4036762862883703
1.369230769230769,-2.3335188666136415
1.369230769230769,-2.296217655713239
1.369230769230769,-2.2141619008391076
1.369230769230769,-2.3185398738004195
1.369230769230769,-2.182233472809542
1.369230769230769,-2.258880286768831
1.369230769230769,-2.300541949681338
1.369230769230769,-2.365136688829689
1.4307692307692306,2.501573644923357
1.4307692307692306,2.424291998011296
1.4307692307692306,2.5331364405970294
1.4307692307692306,2.5670266085947095
1.4307692307692306,2.61137179847847
1.4307692307692306,2.628120118361762
1.4307692307692306,2.514681136339771
1.4307692307692306,2.696539318286949
1.4307692307692306,2.7291472564382144
1.4307692307692306,2.703610953887962
1.4307692307692306,2.791879753560165
1.4307692307692306,2.773143354759007
1.4307692307692306,2.703403586763625
1.4307692307692306,2.7233121440201646
1.4307692307692306,2.6153767645525274
1.4307692307692306,2.6209083254682506
1.4307692307692306,2.504539889838899
1.4307692307692306,2.4337901824968116
1.4307692307692306,2.4830197090835697
1.4307692307692306,2.5296761701660877
1.4307692307692306,2.4820745217844293
1.4307692307692306,-2.456446198753708
1.4307692307692306,-2.4241583841559384
1.4307692307692306,-2.433137983622676
1.4307692307692306,-2.5191832130944922
1.4307692307692306,-2.5074267760707873
1.4307692307692306,-2.515545751994593
1.4307692307692306,-2.6186708468405815
1.4307692307692306,-2.656650760357806
1.4307692307692306,-2.6018468074832213
1.4307692307692306,-2.7480076513815153
1.4307692307692306,-2.733621385166054
1.4307692307692306,-2.713685227447401
1.4307692307692306,-2.7540679370164147
1.4307692307692306,-2.7190370079478665
1.4307692307692306,-2.604786736417289
1.4307692307692306,-2.6229193476411923
1.4307692307692306,-2.439392761112467
1.4307692307692306,-2.391707289726122
1.4307692307692306,-2.409206469335669
1.4307692307692306,-2.5947820853106496
1.4307692307692306,-2.4987393670206037
1.4923076923076921,2.7974018933729896
1.4923076923076921,2.879554493517134
1.4923076923076921,2.8112773932241986
1.4923076923076921,2.754743372984451
1.4923076923076921,2.8027610729108066
1.4923076923076921,2.7956232948447184
1.4923076923076921,2.699190386869699
1.4923076923076921,2.6849277601059787
1.4923076923076921,2.7440932956754214
1.4923076923076921,2.7631004957677785
1.4923076923076921,2.7679224318608076
1.4923076923076921,2.744830470057618
1.4923076923076921,2.6296155717672076
1.4923076923076921,2.622842177313724
1.4923076923076921,2.6294941631434843
1.4923076923076921,2.6063783484469716
1.4923076923076921,2.632425925481083
1.4923076923076921,2.626458828794732
1.4923076923076921,2.5550804221741146
1.4923076923076921,2.674864679936217
1.4923076923076921,2.627962567303421
1.4923076923076921,-2.8050056175816813
1.4923076923076921,-2.7773119687978762
1.4923076923076921,-2.7407023764438
1.4923076923076921,-2.716107153575433
1.4923076923076921,-2.8546742744003994
1.4923076923076921,-2.7756747527102554
1.4923076923076921,-2.7785397445998394
1.4923076923076921,-2.7863130166104932
1.4923076923076921,-2.7641774010215823
1.4923076923076921,-2.793771467028623
1.4923076923076921,-2.774720741719708
1.4923076923076921,-2.6637542165858363
1.4923076923076921,-2.718863905782056
1.4923076923076921,-2.7418616957752704
1.4923076923076921,-2.6183505508097653
1.4923076923076921,-2.6672635506484355
1.4923076923076921,-2.6206952144114948
1.4923076923076921,-2.6957983755033683
1.4923076923076921,-2.5358315549936705
1.4923076923076921,-2.5898795621487514
1.4923076923076921,-2.6276768127570556
1.4923076923076921,-2.6675911619383235
1.5538461538461537,2.7740923697492375
1.5538461538461537,2.682184033965174
1.5538461538461537,2.673132149572491
1.5538461538461537,2.806899451421774
1.5538461538461537,2.728703512487682
1.5538461538461537,2.825342502081924
1.5538461538461537,2.8191057146365535
1.5538461538461537,2.75135062330614
1.5538461538461537,2.8972798756313964
1.5538461538461537,2.8443473030824493
1.5538461538461537,2.6788634754689378
1.5538461538461537,2.658296202417113
1.5538461538461537,2.736595650410251
1.5538461538461537,2.6898951693247457
1.5538461538461537,2.719692761258225
1.5538461538461537,2.6994207681774296
1.5538461538461537,2.7639937915044475
1.5538461538461537,2.7130832096717543
1.5538461538461537,2.724424300263047
1.5538461538461537,2.820221834942653
1.5538461538461537,2.751683125117252
1.5538461538461537,2.6945801437011925
1.5538461538461537,-2.7642737648092757
1.5538461538461537,-2.751652055817074
1.5538461538461537,-2.692205350448086
1.5538461538461537,-2.841213416925071
1.5538461538461537,-2.801891139760608
1.5538461538461537,-2.811394535444695
1.5538461538461537,-2.7409794930795486
1.5538461538461537,-2.805136167557016
1.5538461538461537,-2.7815612932088767
1.5538461538461537,-2.759755898533543
1.5538461538461537,-2.619880215603058
1.5538461538461537,-2.718230049844021
1.5538461538461537,-2.702520013567553
1.5538461538461537,-2.7277198761233086
1.5538461538461537,-2.72676258684921
1.5538461538461537,-2.737806389105821
1.5538461538461537,-2.6778146161537713
1.5538461538461537,-2.7477920322482574
1.5538461538461537,-2.8357955707033686
1.5538461538461537,-2.7372394186272277
1.5538461538461537,-2.6974037291255057
1.6153846153846152,2.81822134990032
1.6153846153846152,2.7351504246887814
1.6153846153846152,2.7526556271207046
1.6153846153846152,2.7559399145504266
1.6153846153846152,2.7803780624053323
1.6153846153846152,2.9024762085872062
1.6153846153846152,3.055358365941468
1.6153846153846152,3.023535968974561
1.6153846153846152,2.905841826763941
1.6153846153846152,2.9805033859631123
1.6153846153846152,2.901984562591428
1.6153846153846152,2.9218247929192502
1.6153846153846152,3.0851242600059017
1.6153846153846152,3.071436441335073
1.6153846153846152,3.1875701080038423
1.6153846153846152,3.2911812939236285
1.6153846153846152,3.08547797675775
1.6153846153846152,2.8807956646942436
1.6153846153846152,2.817956516358285
1.6153846153846152,2.785501800600714
1.6153846153846152,2.8281609666336207
1.6153846153846152,-2.88354172847631
1.6153846153846152,-2.7880965366150874
1.6153846153846152,-2.7974490008515214
1.6153846153846152,-2.840051294734732
1.6153846153846152,-2.756753591387916
1.6153846153846152,-2.8076666683966645
1.6153846153846152,-2.995910334350011
1.6153846153846152,-3.043926913360359
1.6153846153846152,-2.911299706109718
1.6153846153846152,-2.884042506151917
1.6153846153846152,-2.86314010818738
1.6153846153846152,-2.9233685203587503
1.6153846153846152,-2.9973208971900194
1.6153846153846152,-3.063433124467191
1.6153846153846152,-3.1453178069072165
1.6153846153846152,-3.2588016126896107
1.6153846153846152,-3.1500194350149258
1.6153846153846152,-2.968321267045777
1.6153846153846152,-2.8452620747312967
1.6153846153846152,-2.7554289644158856
1.6153846153846152,-2.8995286492393157
1.6153846153846152,-2.8410898309666313
1.6769230769230767,2.8967243469389063
1.6769230769230767,2.902356254335072
1.6769230769230767,2.9339452551057206
1.6769230769230767,2.948867734692754
1.6769230769230767,2.935002708465767
1.6769230769230767,2.9813962081481247
1.6769230769230767,2.8479209688079967
1.6769230769230767,2.8533767863334223
1.6769230769230767,2.915422767675651
1.6769230769230767,2.881471076083671
1.6769230769230767,2.937140765062661
1.6769230769230767,2.9533194779586665
1.6769230769230767,3.10111375559357
1.6769230769230767,3.1193272582478078
1.6769230769230767,3.153920800003749
1.6769230769230767,3.01659692198503
1.6769230769230767,3.064712748246026
1.6769230769230767,3.063991224784242
1.6769230769230767,3.121897094183056
1.6769230769230767,2.942060535688605
1.6769230769230767,2.9611464778205794
1.6769230769230767,2.9768119844629624
1.6769230769230767,-2.9636128085659466
1.6769230769230767,-2.933048285039734
1.6769230769230767,-2.8864497407398213
1.6769230769230767,-2.8892212448484984
1.6769230769230767,-3.0731660507906313
1.6769230769230767,-2.9224806841731805
1.6769230769230767,-2.8938010521653825
1.6769230769230767,-2.908763973136726
1.6769230769230767,-2.8547910452632324
1.6769230769230767,-2.889423237739771
1.6769230769230767,-2.9139004396202424
1.6769230769230767,-2.955920838120873
1.6769230769230767,-3.0270784098259553
1.6769230769230767,-3.1208002584836168
1.6769230769230767,-3.0495671106579043
1.6769230769230767,-3.0577577780461116
1.6769230769230767,-3.055888957200543
1.6769230769230767,-3.132293256843908
1.6769230769230767,-3.000534449400727
1.6769230769230767,-3.00962268900159
1.6769230769230767,-3.086575593588372
1.7384615384615383,3.1457772698015067
1.7384615384615383,3.3580827020491615
1.7384615384615383,3.2725867629207976
1.7384615384615383,3.2305463720574483
1.7384615384615383,3.3509259238735516
1.7384615384615383,3.177546480752866
1.7384615384615383,3.230491343936174
1.7384615384615383,3.0988027572990324
1.7384615384615383,2.9570299754293887
1.7384615384615383,3.0288911281329964
1.7384615384615383,3.119275250651035
1.7384615384615383,3.0447029092507205
1.7384615384615383,2.9162561025426643
1.7384615384615383,3.0858019397385226
1.7384615384615383,3.0540527662409187
1.7384615384615383,3.011672247814315
1.7384615384615383,2.984369705816833
1.7384615384615383,3.044570689562474
1.7384615384615383,3.1678027888601545
1.7384615384615383,3.1708171588150633
1.7384615384615383,3.248808262236785
1.7384615384615383,3.1451039716539833
1.7384615384615383,-3.1486323424726717
1.7384615384615383,-3.252531439871006
1.7384615384615383,-3.262776524067938
1.7384615384615383,-3.272997873043063
1.7384615384615383,-3.232700868304978
1.7384615384615383,-3.261976802554385
1.7384615384615383,-3.1185628227551985
1.7384615384615383,-3.202273250781177
1.7384615384615383,-3.0328831384669424
1.7384615384615383,-3.0200493078243364
1.7384615384615383,-3.0659438922764704
1.7384615384615383,-3.0608388376136273
1.7384615384615383,-2.9701292396899834
1.7384615384615383,-3.043842698795278
1.7384615384615383,-3.0387256931207864
1.7384615384615383,-2.983058631098128
1.7384615384615383,-2.9649542825060786
1.7384615384615383,-3.0081015147292876
1.7384615384615383,-3.150386357665424
1.7384615384615383,-3.1821565498339166
1.7384615384615383,-3.2772016545283242
1.7384615384615383,-3.235926629802826
1.7999999999999998,3.5455890035577613
1.7999999999999998,3.4282619677167174
1.7999999999999998,3.547254609538425
1.7999999999999998,3.482150393811299
1.7999999999999998,3.4465381219023503
1.7999999999999998,3.2437896079657107
1.7999999999999998,3.4001500807536353
1.7999999999999998,3.4131463246158287
1.7999999999999998,3.390587424993043
1.7999999999999998,3.3366456362102133
1.7999999999999998,3.4137479096045014
1.7999999999999998,3.391752195053283
1.7999999999999998,3.2614185357586623
1.7999999999999998,3.4093972828459536
1.7999999999999998,3.3646792795397027
1.7999999999999998,3.399050913739461
1.7999999999999998,3.5732164393562322
1.7999999999999998,3.505979750219065
1.7999999999999998,3.478692746612044
1.7999999999999998,3.4350384988620952
1.7999999999999998,3.222910919788371
1.7999999999999998,3.3039992000678766
1.7999999999999998,-3.4545162850865037
1.7999999999999998,-3.4374384998956917
1.7999999999999998,-3.5068711836714646
1.7999999999999998,-3.503342619188512
1.7999999999999998,-3.4466556098118946
1.7999999999999998,-3.3463626688657158
1.7999999999999998,-3.3635811090855774
1.7999999999999998,-3.349876844166291
1.7999999999999998,-3.412756196714351
1.7999999999999998,-3.2859355637272922
1.7999999999999998,-3.343981333004431
1.7999999999999998,-3.3076517006989072
1.7999999999999998,-3.301710349141111
1.7999999999999998,-3.4049812827682677
1.7999999999999998,-3.4022649555053515
1.7999999999999998,-3.268750500564792
1.7999999999999998,-3.4829187725563124
1.7999999999999998,-3.510274557263868
1.7999999999999998,-3.5333169965186335
1.7999999999999998,-3.4518865928544997
1.7999999999999998,-3.3260823828016894
1.7999999999999998,-3.1770873834721396
1.7999999999999998,-3.2310694337451897
1.8615384615384614,3.4578382105873433
1.8615384615384614,3.623078074908921
1.8615384615384614,3.67192761368356
1.8615384615384614,3.487685361637366
1.8615384615384614,3.510408273327045
1.8615384615384614,3.465161266965927
1.8615384615384614,3.29454039602484
1.8615384615384614,3.381811249794468
1.8615384615384614,3.4209957351074043
1.8615384615384614,3.38659849546658
1.8615384615384614,3.375420174077302
1.8615384615384614,3.506325705571563
1.8615384615384614,3.465452336285066
1.8615384615384614,3.424221885528105
1.8615384615384614,3.4572946131746614
1.8615384615384614,3.5729963900881136
1.8615384615384614,3.575819267985173
1.8615384615384614,3.3800175301055964
1.8615384615384614,3.450574334823917
1.8615384615384614,3.363517286603815
1.8615384615384614,3.450715597903072
1.8615384615384614,3.48530043489734
1.8615384615384614,-3.572495541482441
1.8615384615384614,-3.503320857013658
1.8615384615384614,-3.6358801286341604
1.8615384615384614,-3.5300805726235627
1.8615384615384614,-3.546685931728792
1.8615384615384614,-3.5811233214899016
1.8615384615384614,-3.387279735923231
1.8615384615384614,-3.417874847936422
1.8615384615384614,-3.430648273690995
1.8615384615384614,-3.500261969824863
1.8615384615384614,-3.4855982609641756
1.8615384615384614,-3.3915006909626757
1.8615384615384614,-3.473707572969024
1.8615384615384614,-3.4179466371523657
1.8615384615384614,-3.4331104957720378
1.8615384615384614,-3.457511889137288
1.8615384615384614,-3.5819399373733414
1.8615384615384614,-3.497913895880153
1.8615384615384614,-3.391154232026086
1.8615384615384614,-3.342586786515856
1.8615384615384614,-3.3606275701176043
1.8615384615384614,-3.464414890638853
1.8615384615384614,-3.4113357464164045
1.923076923076923,3.7590231033150707
1.923076923076923,3.6711474539875026
1.923076923076923,3.6704746883344344
1.923076923076923,3.5289193293599923
1.923076923076923,3.680226731774988
1.923076923076923,3.781554424895493
1.923076923076923,3.703288983685852
1.923076923076923,3.625219846215742
1.923076923076923,3.528928464099568
1.923076923076923,3.530702219863851
1.923076923076923,3.498478581630002
1.923076923076923,3.733213013126279
1.923076923076923,3.678769590167224
1.923076923076923,3.582650977446129
1.923076923076923,3.5397825303155432
1.923076923076923,3.6636333619546915
1.923076923076923,3.6658309267676685
1.923076923076923,3.735414043802395
1.923076923076923,3.758723090578402
1.923076923076923,3.5989301750031153
1.923076923076923,3.7281383601812075
1.923076923076923,3.6294925154488187
1.923076923076923,3.6532918100749465
1.923076923076923,-3.6351284500165866
1.923076923076923,-3.631387043802626
1.923076923076923,-3.553093116741997
1.923076923076923,-3.631173477580641
1.923076923076923,-3.673213916214851
1.923076923076923,-3.676994853398795
1.923076923076923,-3.7434689430317363
1.923076923076923,-3.713441558935476
1.923076923076923,-3.526742430243719
1.923076923076923,-3.540768472979992
1.923076923076923,-3.4961631403356956
1.923076923076923,-3.6385728383378173
1.923076923076923,-3.670528799360913
1.923076923076923,-3.5569332838227377
1.923076923076923,-3.5192449041421314
1.923076923076923,-3.60628094888763
1.923076923076923,-3.7691786912596674
1.923076923076923,-3.7728881570159776
1.923076923076923,-3.7606681401031845
1.923076923076923,-3.6493450558249547
1.923076923076923,-3.602641175989506
1.923076923076923,-3.7505671477569327
1.923076923076923,-3.5792104517815457
1.9846153846153844,3.9693522862797654
1.9846153846153844,3.6946815384900327
1.9846153846153844,3.707832382968881
1.9846153846153844,3.7162500104552048
1.9846153846153844,3.6749187883556305
1.9846153846153844,3.5822322221719185
1.9846153846153844,3.587572489403735
1.9846153846153844,3.589677101036121
1.9846153846153844,3.5967426992244995
1.9846153846153844,3.6754654934032147
1.9846153846153844,3.538127492335694
1.9846153846153844,3.628086813906631
1.9846153846153844,3.668420597180481
1.9846153846153844,3.7118730354780984
1.9846153846153844,3.762163382450794
1.9846153846153844,3.8833745946598057
1.9846153846153844,3.8921612923027165
1.9846153846153844,3.828815453310314
1.9846153846153844,3.8120779398432667
1.9846153846153844,3.7905996992862376
1.9846153846153844,3.850236548294058
1.9846153846153844,3.8371353198036338
1.9846153846153844,3.949786275488158
1.9846153846153844,-3.8129771028650223
1.9846153846153844,-3.694332426749643
1.9846153846153844,-3.675589659277078
1.9846153846153844,-3.739480907285072
1.9846153846153844,-3.5859718569052026
1.9846153846153844,-3.6034820593656023
1.9846153846153844,-3.5613530566970786
1.9846153846153844,-3.6871244290678873
1.9846153846153844,-3.6486019810556782
1.9846153846153844,-3.6350101307073044
1.9846153846153844,-3.682016593483413
1.9846153846153844,-3.5453819686979346
1.9846153846153844,-3.6869360914214524
1.9846153846153844,-3.776963084700932
1.9846153846153844,-3.7622623477750667
1.9846153846153844,-3.9890578917015045
1.9846153846153844,-3.8135374490290275
1.9846153846153844,-3.830369505713952
1.9846153846153844,-3.8296560746595065
1.9846153846153844,-3.7823138305106956
1.9846153846153844,-3.9570335623710253
1.9846153846153844,-3.8599655619075763
1.9846153846153844,-3.9652798175166084
2.046153846153846,3.930295168078011
2.046153846153846,3.921427576727631
2.046153846153846,3.891415917431543
2.046153846153846,3.8935819552603785
2.046153846153846,3.8568100569262027
2.046153846153846,3.813963877343423
2.046153846153846,3.78719314245146
2.046153846153846,3.7837841929290215
2.046153846153846,3.8188191231305644
2.046153846153846,3.78541217254009
2.046153846153846,3.9352667823036023
2.046153846153846,3.8323677594402876
2.046153846153846,3.826109892852881
2.046153846153846,3.9760390055004238
2.046153846153846,3.889596088135595
2.046153846153846,3.831854358207972
2.046153846153846,3.7136111775285974
2.046153846153846,3.8854442211427473
2.046153846153846,3.7931725885827965
2.046153846153846,3.990610977817586
2.046153846153846,3.873552080885703
2.046153846153846,3.7195408494453996
2.046153846153846,3.7730783582184304
2.046153846153846,-3.7947207435307044
2.046153846153846,-3.9227494500482423
2.046153846153846,-3.8601863118282393
2.046153846153846,-3.9075735330507992
2.046153846153846,-3.9011321960369023
2.046153846153846,-3.779016327454986
2.046153846153846,-3.8835637216874077
2.046153846153846,-3.755169369547898
2.046153846153846,-3.9292366734038913
2.046153846153846,-3.7595219329039256
2.046153846153846,-3.8055672079924974
2.046153846153846,-3.900268261766647
2.046153846153846,-3.8154009473236115
2.046153846153846,-3.9550111309997864
2.046153846153846,-3.8625693633599236
2.046153846153846,-3.9376218171604576
2.046153846153846,-3.8021565655666154
2.046153846153846,-3.7513379512740213
2.046153846153846,-3.765454794300621
2.046153846153846,-3.853700853561184
2.046153846153846,-3.9582982183920006
2.046153846153846,-3.810111963817685
2.046153846153846,-3.75338671264663
2.046153846153846,-3.752090242697204
2.1076923076923078,4.090141310863868
2.1076923076923078,4.20472543645953
2.1076923076923078,4.313558067765377
2.1076923076923078,4.328020455374889
2.1076923076923078,4.416203222400793
2.1076923076923078,4.26190539893475
2.1076923076923078,4.288614567659942
2.1076923076923078,4.255424386751349
2.1076923076923078,4.197515017791488
2.1076923076923078,4.163198830495074
2.1076923076923078,4.057163020724217
2.1076923076923078,4.20268872000895
2.1076923076923078,4.035072602488774
2.1076923076923078,4.052206948908661
2.1076923076923078,4.094470417735679
2.1076923076923078,4.105289803521281
2.1076923076923078,4.125653293904264
2.1076923076923078,4.0449067601627045
2.1076923076923078,3.8767806341150184
2.1076923076923078,3.9174466277962727
2.1076923076923078,3.8862866050302243
2.1076923076923078,3.9886044993951186
2.1076923076923078,3.9482785156452778
2.1076923076923078,3.880941722744726
2.1076923076923078,-4.188918448369693
2.1076923076923078,-4.238245235431973
2.1076923076923078,-4.250937811954055
2.1076923076923078,-4.359707973299017
2.1076923076923078,-4.312881482792258
2.1076923076923078,-4.287650177649181
2.1076923076923078,-4.253162449983955
2.1076923076923078,-4.209237964596154
2.1076923076923078,-4.179410184531515
2.1076923076923078,-4.0860133217495385
2.1076923076923078,-4.167617272460922
2.1076923076923078,-4.182589741779985
2.1076923076923078,-4.159968809889607
2.1076923076923078,-4.0565451434333255
2.1076923076923078,-4.105018813069299
2.1076923076923078,-4.143525559408632
2.1076923076923078,-4.047265215922784
2.1076923076923078,-3.9917803245790324
2.1076923076923078,-3.9120282352603954
2.1076923076923078,-3.867227652640431
2.1076923076923078,-3.9139467469550113
2.1076923076923078,-4.006606529222172
2.1076923076923078,-3.8383030429820173
2.1076923076923078,-3.847018618413906
2.169230769230769,4.190605944904807
2.169230769230769,4.080126967457104
2.169230769230769,4.124768344830003
2.169230769230769,4.128525805255415
2.169230769230769,4.205547376612977
2.169230769230769,4.088529599542225
2.169230769230769,4.078230529135349
2.169230769230769,3.934380445618553
2.169230769230769,3.9649386199394705
2.169230769230769,4.054039504236563
2.169230769230769,4.26238416302428
2.169230769230769,4.219563147858516
2.169230769230769,4.166314471207101
2.169230769230769,4.105716369182636
2.169230769230769,3.9810319956073164
2.169230769230769,3.979880865733088
2.169230769230769,3.9637879609232014
2.169230769230769,4.013298578859415
2.169230769230769,4.147264224153813
2.169230769230769,4.2863089614225265
2.169230769230769,4.137237282755614
2.169230769230769,4.209949185971422
2.169230769230769,4.226816401136163
2.169230769230769,4.317977970260504
2.169230769230769,-4.240692224706097
2.169230769230769,-4.186970261442146
2.169230769230769,-4.110280990377279
2.169230769230769,-4.1094983222567985
2.169230769230769,-4.1283203456965945
2.169230769230769,-4.207309442667778
2.169230769230769,-4.047835670037962
2.169230769230769,-3.978208509916446
2.169230769230769,-4.050334824698009
2.169230769230769,-4.043289230185627
2.169230769230769,-4.178497353523639
2.169230769230769,-4.302589488285038
2.169230769230769,-4.209732317493583
2.169230769230769,-4.102132134432366
2.169230769230769,-3.9984698263753793
2.169230769230769,-3.9267600147311965
2.169230769230769,-3.935406180887381
2.169230769230769,-4.038875771493368
2.169230769230769,-4.160376854939851
2.169230769230769,-4.247600646793151
2.169230769230769,-4.140308859230244
2.169230769230769,-4.236353507009521
2.169230769230769,-4.194283165031885
2.169230769230769,-4.344281820856086
2.230769230769231,4.048082751041869
2.230769230769231,4.116327111236926
2.230769230769231,4.154392043820699
2.230769230769231,4.131329318575102
2.230769230769231,4.041292044218031
2.230769230769231,4.061158594196069
2.230769230769231,3.982767371447638
2.230769230769231,4.1256763087818955
2.230769230769231,4.098408687819022
2.230769230769231,4.24118934487109
2.230769230769231,4.351591960771398
2.230769230769231,4.377874481666491
2.230769230769231,4.340392241771417
2.230769230769231,4.506229480904071
2.230769230769231,4.417917781179177
2.230769230769231,4.464965079988368
2.230769230769231,4.31241574027833
2.230769230769231,4.309846822084719
2.230769230769231,4.418224853513334
2.230769230769231,4.363232702382298
2.230769230769231,4.225559592690453
2.230769230769231,4.29354741590895
2.230769230769231,4.464273305576554
2.230769230769231,4.515106515174922
2.230769230769231,-4.034699951767932
2.230769230769231,-4.045889456974574
2.230769230769231,-4.188868929002516
2.230769230769231,-4.111671099807175
2.230769230769231,-4.117141657104064
2.230769230769231,-4.121533579677791
2.230769230769231,-4.066141599819334
2.230769230769231,-4.037210639631671
2.230769230769231,-4.073305822230946
2.230769230769231,-4.238230699369936
2.230769230769231,-4.361133088385317
2.230769230769231,-4.4518932481434215
2.230769230769231,-4.278251096787689
2.230769230769231,-4.4380030348512935
2.230769230769231,-4.467865096609189
2.230769230769231,-4.433118031418825
2.230769230769231,-4.462206972301651
2.230769230769231,-4.277633106314713
2.230769230769231,-4.301324447358798
2.230769230769231,-4.3821676040959545
2.230769230769231,-4.226179679452252
2.230769230769231,-4.343495403427351
2.230769230769231,-4.365165506522134
2.230769230769231,-4.433978621979955
2.230769230769231,-4.387015762380529
2.292307692307692,4.393559312600642
2.292307692307692,4.444447020248228
2.292307692307692,4.3326992386525705
2.292307692307692,4.552991269315155
2.292307692307692,4.550424482292073
2.292307692307692,4.546366712373338
2.292307692307692,4.56479761986443
2.292307692307692,4.596117780157007
2.292307692307692,4.366913245894396
2.292307692307692,4.46456572876065
2.292307692307692,4.470869286683996
2.292307692307692,4.500906875008003
2.292307692307692,4.502557934423549
2.292307692307692,4.512041164089813
2.292307692307692,4.547662248581204
2.292307692307692,4.54859278816845
2.292307692307692,4.514743066000047
2.292307692307692,4.391885521232656
2.292307692307692,4.2022244187154465
2.292307692307692,4.40870413140156
2.292307692307692,4.460278464291401
2.292307692307692,4.438137387165995
2.292307692307692,4.5702654793182935
2.292307692307692,4.614502782807087
2.292307692307692,4.650002402622768
2.292307692307692,-4.512248907823322
2.292307692307692,-4.326566371367952
2.292307692307692,-4.448176061393432
2.292307692307692,-4.538259944920659
2.292307692307692,-4.579905479721576
2.292307692307692,-4.611682213791001
2.292307692307692,-4.535283495933237
2.292307692307692,-4.50788649286122
2.292307692307692,-4.48772003811035
2.292307692307692,-4.4291216754454075
2.292307692307692,-4.530067892463927
2.292307692307692,-4.483722148582672
2.292307692307692,-4.4870384529262415
2.292307692307692,-4.441299558400233
2.292307692307692,-4.523348948167682
2.292307692307692,-4.533815629112331
2.292307692307692,-4.513089827350168
2.292307692307692,-4.2822106094561665
2.292307692307692,-4.334336295041355
2.292307692307692,-4.480306493519089
2.292307692307692,-4.513153317523535
2.292307692307692,-4.53952278013259
2.292307692307692,-4.521969567494041
2.292307692307692,-4.577497880749267
2.292307692307692,-4.683328955860534
2.353846153846154,4.441781275135456
2.353846153846154,4.577620472075903
2.353846153846154,4.665242433884083
2.353846153846154,4.693452641571454
2.353846153846154,4.717916926115893
2.353846153846154,4.810740595425933
2.353846153846154,4.750128681777894
2.353846153846154,4.705325595438659
2.353846153846154,4.737259519869356
2.353846153846154,4.758444868225052
2.353846153846154,4.600320664631811
2.353846153846154,4.5285378537644165
2.353846153846154,4.541281680713833
2.353846153846154,4.557797561170362
2.353846153846154,4.53711699382323
2.353846153846154,4.535299375084045
2.353846153846154,4.753499557850537
2.353846153846154,4.785151612103042
2.353846153846154,4.806012782964492
2.353846153846154,4.707555710661216
2.353846153846154,4.633517031052225
2.353846153846154,4.579193460462478
2.353846153846154,4.567805201922143
2.353846153846154,4.657317068588425
2.353846153846154,4.5919375888700165
2.353846153846154,-4.339164766529672
2.353846153846154,-4.448363986428726
2.353846153846154,-4.628876274229902
2.353846153846154,-4.643691039017264
2.353846153846154,-4.762565479261478
2.353846153846154,-4.804293424380917
2.353846153846154,-4.7679643043400555
2.353846153846154,-4.741833942619038
2.353846153846154,-4.797452417079055
2.353846153846154,-4.7949164202708525
2.353846153846154,-4.75391649288017
2.353846153846154,-4.629114598389485
2.353846153846154,-4.651700767864893
2.353846153846154,-4.580078531262701
2.353846153846154,-4.673885210217181
2.353846153846154,-4.527402881411405
2.353846153846154,-4.649166667207107
2.353846153846154,-4.6993661395982365
2.353846153846154,-4.737020264806203
2.353846153846154,-4.749729239730469
2.353846153846154,-4.793123322275984
2.353846153846154,-4.694479463781364
2.353846153846154,-4.583885537227714
2.353846153846154,-4.626425928107515
2.353846153846154,-4.603192213751319
2.353846153846154,-4.523161967960312
2.4153846153846152,4.552010459949645
2.4153846153846152,4.549385398474328
2.4153846153846152,4.558733737216008
2.4153846153846152,4.598746033132511
2.4153846153846152,4.758219025702175
2.4153846153846152,4.745505285395049
2.4153846153846152,4.562075279395631
2.4153846153846152,4.648612252349286
2.4153846153846152,4.7173868224818385
2.4153846153846152,4.662450933406134
2.4153846153846152,4.755031769229293
2.4153846153846152,4.848667611097621
2.4153846153846152,4.735797334662311
2.4153846153846152,4.851908003839878
2.4153846153846152,4.865269429327439
2.4153846153846152,4.735767955627287
2.4153846153846152,4.869934162551073
2.4153846153846152,4.867935912333182
2.4153846153846152,4.842101328024458
2.4153846153846152,4.60210564611528
2.4153846153846152,4.493460532422733
2.4153846153846152,4.411307063044431
2.4153846153846152,4.659875380123696
2.4153846153846152,4.468993227465933
2.4153846153846152,4.731601108902717
2.4153846153846152,-4.596843558583668
2.4153846153846152,-4.649653951637467
2.4153846153846152,-4.674056006077289
2.4153846153846152,-4.586538142408216
2.4153846153846152,-4.72085618286037
2.4153846153846152,-4.622623494707975
2.4153846153846152,-4.678732795911105
2.4153846153846152,-4.5414851227996635
2.4153846153846152,-4.733392715939053
2.4153846153846152,-4.6814151126997485
2.4153846153846152,-4.65936758996187
2.4153846153846152,-4.734899752555137
2.4153846153846152,-4.762239264394393
2.4153846153846152,-4.837707910483289
2.4153846153846152,-4.917665406678568
2.4153846153846152,-4.833741280666654
2.4153846153846152,-4.793602860072516
2.4153846153846152,-4.909583955113873
2.4153846153846152,-4.849403028616343
2.4153846153846152,-4.718413452081521
2.4153846153846152,-4.600046396648959
2.4153846153846152,-4.414013666460111
2.4153846153846152,-4.509989409437734
2.4153846153846152,-4.554335797606717
2.4153846153846152,-4.617033595669948
2.4153846153846152,-4.69315698029394
2.476923076923077,4.745329221231027
2.476923076923077,4.815630229837207
2.476923076923077,4.797077950517469
2.476923076923077,4.809016210587508
2.476923076923077,4.653971343683406
2.476923076923077,4.779801874159525
2.476923076923077,4.610670333703515
2.476923076923077,4.5034543815273445
2.476923076923077,4.594544618950377
2.476923076923077,4.717290914806239
2.476923076923077,4.6822963161548925
2.476923076923077,4.608296923541214
2.476923076923077,4.812383997184716
2.476923076923077,4.800084045050049
2.476923076923077,4.820252681081917
2.476923076923077,4.7907697596132355
2.476923076923077,4.596404714105043
2.476923076923077,4.761964780823439
2.476923076923077,4.838691161851113
2.476923076923077,4.599739043851049
2.476923076923077,4.759383190124273
2.476923076923077,4.865208677592306
2.476923076923077,4.869662720910079
2.476923076923077,4.8241957788173755
2.476923076923077,4.756727130421639
2.476923076923077,-4.7806429611686925
2.476923076923077,-4.816544275330221
2.476923076923077,-4.711989184170848
2.476923076923077,-4.80418840575771
2.476923076923077,-4.765603415352619
2.476923076923077,-4.743730627395308
2.476923076923077,-4.663936259578336
2.476923076923077,-4.5224068411597536
2.476923076923077,-4.538540460883557
2.476923076923077,-4.6187865796155085
2.476923076923077,-4.629171285142348
2.476923076923077,-4.572561278179703
2.476923076923077,-4.68635055077804
2.476923076923077,-4.780621942476392
2.476923076923077,-4.814117696062067
2.476923076923077,-4.813981097462403
2.476923076923077,-4.696147685186522
2.476923076923077,-4.682388794283021
2.476923076923077,-4.775418928255922
2.476923076923077,-4.708194703786672
2.476923076923077,-4.719742954341175
2.476923076923077,-4.857089982177309
2.476923076923077,-4.888045222430671
2.476923076923077,-4.844158875698574
2.476923076923077,-4.817059686411594
2.476923076923077,-4.641364630778397
2.5384615384615383,5.017709708888764
2.5384615384615383,4.987306514497851
2.5384615384615383,5.062731017094158
2.5384615384615383,5.010213697246408
2.5384615384615383,4.963018303242657
2.5384615384615383,4.937420487025682
2.5384615384615383,5.068085870311859
2.5384615384615383,5.016724091259431
2.5384615384615383,5.150024223659091
2.5384615384615383,5.154509336917976
2.5384615384615383,5.006785551605476
2.5384615384615383,4.960975900325818
2.5384615384615383,4.931310241813392
2.5384615384615383,4.985198376084286
2.5384615384615383,4.980577761827618
2.5384615384615383,5.0359641002317055
2.5384615384615383,4.819231874851029
2.5384615384615383,4.869352927240985
2.5384615384615383,4.890714129620573
2.5384615384615383,4.904300355121239
2.5384615384615383,4.875447972359911
2.5384615384615383,4.690328856036566
2.5384615384615383,4.786296421656343
2.5384615384615383,4.804435241162861
2.5384615384615383,4.94620748921984
2.5384615384615383,4.883103359374162
2.5384615384615383,-5.038575623383383
2.5384615384615383,-4.936211091703809
2.5384615384615383,-5.091280642090556
2.5384615384615383,-4.926243489097684
2.5384615384615383,-4.978497715386116
2.5384615384615383,-5.04726220266908
2.5384615384615383,-4.984110738635861
2.5384615384615383,-5.116756369467638
2.5384615384615383,-5.056671571390896
2.5384615384615383,-5.0905952607343465
2.5384615384615383,-5.015259571638573
2.5384615384615383,-4.978022000072606
2.5384615384615383,-4.974602871970059
2.5384615384615383,-4.994920574765581
2.5384615384615383,-4.992181891262888
2.5384615384615383,-4.910560218094043
2.5384615384615383,-4.936570455698979
2.5384615384615383,-4.761206061435073
2.5384615384615383,-4.887892234201918
2.5384615384615383,-4.894759429659277
2.5384615384615383,-5.004838691118622
2.5384615384615383,-4.78050385940903
2.5384615384615383,-4.6091496177320135
2.5384615384615383,-4.813889127918202
2.5384615384615383,-4.941055951595742
2.5384615384615383,-4.94940377428475
2.6,5.093690259425388
2.6,5.196114053105216
2.6,5.1501638887310035
2.6,5.129727376422124
2.6,5.134051436851428
2.6,4.986947773874605
2.6,4.952348636522587
2.6,4.922433991823626
2.6,4.99422719332896
2.6,4.994742936275391
2.6,5.109148201828759
2.6,5.231140720652706
2.6,5.280664702648673
2.6,5.025992262828278
2.6,5.034692072178682
2.6,5.0553600164544905
2.6,5.090262108765193
2.6,4.968072923176472
2.6,5.094380381603048
2.6,4.994059501893927
2.6,5.038974581533182
2.6,5.045166075072954
2.6,5.112284831510211
2.6,4.912257760533982
2.6,4.878874513697348
2.6,4.966161021953735
2.6,-5.190962295570011
2.6,-5.1798418541939295
2.6,-5.059746766914211
2.6,-5.024081202283751
2.6,-5.001753083322398
2.6,-5.024502548268403
2.6,-5.044541776422503
2.6,-4.84795198415934
2.6,-5.08504914096163
2.6,-5.027411981588853
2.6,-5.207141631331959
2.6,-5.193295327013454
2.6,-5.145740002220358
2.6,-5.033384953148446
2.6,-4.924517977853395
2.6,-5.088947177479195
2.6,-4.975776425657874
2.6,-4.973667142789856
2.6,-5.094619400995786
2.6,-5.009799593633762
2.6,-5.056681985010612
2.6,-5.129114868579806
2.6,-4.97897580756052
2.6,-4.933140837638924
2.6,-5.012138656005587
2.6,-4.999878237025588
