xi,q,w,s
0.9447734531218829,-3.9283908048125573,0.0,0.5787311449109122
-0.5892834678650511,5.477523177780893,0.0,2.417385118427685
0.6618923644622872,5.073283320191239,0.0,1.3105600539647488
0.33380609015404306,-5.649613405555226,0.0,3.5807801888305715
0.6069244189029213,-5.718857918140421,0.0,3.1236281053326387
-1.330368877371945,2.096239423213507,0.0,1.7779456664232496
0.5520789922464666,5.403400044206078,0.0,1.8575216022174554
1.3257216614714207,-2.946212037010638,0.0,2.2944315689028905
-0.7810427886121222,-5.224424964906797,0.0,4.976153528262181
-1.352129998054395,-3.870944847868308,0.0,1.3068432084057195
0.5884686641624848,5.462398853106024,0.0,3.5060202545089676
0.013601161659173463,-5.770149443700656,0.0,7.046513348129618
-1.5073854318114595,-0.8402831410916838,0.0,2.8828088983387468
1.5833228839217712,0.20869321350137154,0.0,3.659005251986247
0.20492454429271126,5.772851650484723,6.938893903907228e-18,0.996962180237145
0.9274768421079918,-5.794688436213989,0.0,0.5398865469973824
-0.08158671283724586,5.878468453573005,-2.7755575615628914e-17,1.4744287407326004
1.5710427547981896,1.0885032267789074,0.0,0.271774876509775
0.7560547096079875,5.419982830284909,0.0,1.202059458297373
0.4304215607518338,-5.9157877611090175,0.0,2.4813158743933887
1.4581957202958793,-2.235548258492484,0.0,2.2072501589608695
-0.6719359292198223,-5.51026671258479,0.0,4.19408252797373
0.7702806870472825,5.4351751920102265,-2.7755575615628914e-17,3.918304801356422
-0.9440065397435677,-5.261861480878045,0.0,0.5828860676098414
1.5201055122227505,3.274052294856804,0.0,2.8455158652040544
-1.6311832297655042,-3.051141191515143,0.0,2.905530210750924
1.724055208476821,2.144409914829749,0.0,4.324468498836075
-1.5889608478228636,-3.5848640522577315,0.0,5.212067563782904
0.6097282278523436,-5.992542533158826,0.0,1.3064688051010018
-1.5158719759461938,3.3628690372669694,0.0,3.413928795180651
1.616981819448849,3.488128373324695,1.3877787807814457e-17,4.42406464425218
0.7125869740296268,5.503390742820176,0.0,1.7706816091329796
1.4079284708274162,-4.258125505494713,0.0,1.8903878076937706
-0.8529087221784452,-5.406206679578032,0.0,2.3697468017067647
-1.0103731154941296,5.767690742913076,0.0,6.744424978266706
0.6049778585343476,5.571058421000864,0.0,1.6159737719547043
1.4156271409505217,-3.4130078639847654,0.0,1.1589468206278108
-1.5303098587034742,-3.573764741345595,0.0,1.9300893336288425
-0.40506664395324904,6.002412350342027,0.0,2.6272804903234586
-0.7703103176160832,-5.300041713900135,0.0,1.9071559264766598
-1.2816444959437254,4.702605881662225,0.0,2.5477966823745812
-0.6794693107422188,-5.393559186335254,0.0,2.1844571486230544
-1.2899430794954465,4.519855932587547,1.3877787807814457e-17,4.179269829803675
1.3067604779257997,-4.229811019935688,0.0,3.581812227810699
1.45801312838198,-1.996405320317998,0.0,2.098943573419593
-0.6036459280680123,-5.553584153997359,0.0,3.4789595092789893
-0.25968236554251256,5.884558370470878,0.0,5.7446210390770105
-1.4275792325469978,2.129569914032337,0.0,2.633641654764501
0.722701209632859,-5.893232025777185,0.0,1.9349372718200302
-1.422243702766857,-4.006049723407958,0.0,2.6088970604273314
1.5597249750645499,-2.481876964771203,0.0,1.447422228422803
-1.684894248261945,-2.532857738617282,0.0,6.594056788372488
1.6392279857370469,-0.03664480705350956,0.0,2.5811168209265776
0.4790129597259894,5.768354443058433,0.0,5.490310419279574
1.6095700318030701,0.38266345867913953,0.0,4.222029370250126
-1.6265556158634296,-0.3952057248005234,0.0,4.236050184474987
1.6298780470962972,-0.035828257110222986,0.0,4.48898857936903
0.3132636317129613,5.763091266134222,0.0,0.822217088724872
-0.18746744049199418,-5.762542791043824,0.0,2.5204734035641234
1.5429754034028913,1.063132762067902,0.0,1.450984314986385
-1.5461120186126016,-3.026896848585702,0.0,7.729914960345567
1.4461147401836634,-3.1220705058512612,0.0,4.144277121364772
-1.4557013407090305,3.0157305397814387,0.0,3.1352925464620456
1.524479074440656,3.6874472795311686,0.0,1.8441739589480433
0.4447841050991786,-5.999472271891287,0.0,2.210405780734376
-1.581843378680064,-3.0063348971856625,0.0,4.2745539508423
1.6545649413169972,2.4663546953024484,0.0,5.449496177883432
-1.658911757760871,0.6165058615563366,0.0,3.2614455601544843
1.5171733903386024,4.393511693057331,0.0,2.8832910466422015
-1.6616543628045641,-3.8339391262480085,0.0,3.908812469436211
1.7599761826574054,3.254005050612225,0.0,0.4158380853196371
-0.6635085770389435,6.134356594704826,0.0,2.725405155641354
0.47225070067474517,-6.034186669868006,0.0,0.5575846145291644
0.5069751993165692,5.681250986155896,0.0,1.9186618008043084
1.5021071573221279,-2.4329698384336655,0.0,2.5993937117734136
-0.6681387193593192,5.968749833588531,0.0,0.6529401944815509
-0.4928194406743384,-5.694192761904605,0.0,4.805709676864895
1.4276911631556997,4.287873908999595,0.0,3.4142997191960682
-0.6831509732544168,-5.6331874179654005,0.0,4.530154286618562
1.555409869325712,-3.0216897634825526,0.0,2.561009811918137
0.586589128037906,5.680996417549602,0.0,3.1492357910210353
0.5281152224990582,-5.994901575820919,0.0,2.0632429784087294
-1.5472520306756627,-3.451524695033495,-1.3877787807814457e-17,3.298292730972251
0.91012629733031,5.420628248650748,0.0,3.2583557224992115
0.1710884919233681,-5.983019523322665,0.0,2.956438139066717
-1.0155486321906755,5.728318499106856,0.0,0.17821599877010405
-0.7702717327342267,5.930885230138131,0.0,3.674696842678539
-1.3672803144311592,-4.182425978899927,0.0,1.9491121301319922
-0.6607397075890625,5.904215244369912,0.0,2.7443519046743607
0.6042903135992482,-5.833707208280997,0.0,0.960019733311574
-0.4226546062961745,5.90114611066171,0.0,6.1325529431033035
-0.8699489467326265,5.723415833515216,0.0,2.6628805023855513
-0.20205146657959444,-5.655727852712846,0.0,3.0629113166433024
-0.7920682991828002,5.699914109595393,0.0,1.3335821395148313
1.4653831732932943,-0.5027636663876257,0.0,3.7446058204917145
-0.8061532311517277,5.782543522765385,0.0,0.6218750075126265
-0.12236929461104913,-5.794552117450116,0.0,3.524770759424733
-1.4705277243228325,3.2793171016876403,0.0,0.8399018403823874
1.5603238467489586,-2.5816482999382235,0.0,2.635647623000279
-0.7098138055297951,6.0246933832136085,0.0,1.9559900849207468
1.5473527578502622,3.907559085978529,0.0,2.7197935942073728
-1.6857125752128295,-3.4104614407458196,0.0,0.5876149302169364
1.5720192167263116,-3.867110958357164,0.0,2.902320149310201
-1.5096359828427293,4.748140347303916,0.0,3.9957983324306956
1.445515456548103,-4.816978872612465,-2.7755575615628914e-17,1.4517437270422504
-1.7277923810900762,-1.1320832985428693,0.0,6.4989767325312995
-1.5003155666506223,3.902181821733228,0.0,3.442426708999157
1.6615623733218838,3.123091861271821,0.0,4.794966055938075
-1.4540730214533106,4.444599015705768,0.0,3.239849088714915
1.6558010522874866,3.148481833425609,0.0,2.6723842284765618
-1.4033628724944809,5.378036711189696,6.938893903907228e-18,3.7056407364121977
-1.042661814223341,-5.2040717304397415,0.0,3.378361735754402
0.05755848529367149,5.954946410893168,0.0,4.129399234262981
-0.12437225716716718,-5.8596520696867165,0.0,3.0292905386628464
-0.895308487280572,5.779248332189022,1.3877787807814457e-17,1.0600071096838934
1.576470360549058,0.22180257050332872,0.0,1.0599650947982904
-1.3510921774409734,-4.525598752319109,0.0,1.0945561227380092
0.3600671314443608,5.7242521795197385,0.0,1.513706588705931
1.501326818381256,-1.7386413931779323,0.0,0.5829497415649627
-0.9518845744890337,5.871910968764943,0.0,2.48585998617154
-1.6047668586529804,-1.719250102780295,0.0,1.6862378154852224
0.10983217870735779,5.904390642604363,0.0,1.4332815178110192
0.7809397843389688,-5.895670027190861,0.0,6.083998313875612
1.1381117104397316,-5.418583887303707,0.0,1.3856419328626512
-1.5911840508965935,-1.3078506102337908,0.0,4.492344104791476
-0.026703734782929065,-5.817038106091016,0.0,1.0339072048007256
-1.0968284700243043,5.608634756951327,0.0,0.9108533766650044
1.16329036338053,-5.611029252868954,0.0,3.968432024159462
-1.114035873516227,5.5725836333218215,0.0,1.1313954611312826
1.6171670073630258,1.8033833552377034,0.0,1.6904875925376677
-0.0946954713828221,-5.924772627228735,0.0,1.4686738079236887
-1.5905796493112874,-0.04837740013687444,0.0,0.2577003082996043
-0.9950101356165542,-5.228941451082121,0.0,0.46459432180878124
1.107313788029781,-5.717909429004269,-1.1102230246251565e-16,7.129235470662983
1.212149970451972,-5.4753347268049275,0.0,4.345770199222008
-0.6231133789622827,-5.535510539084767,0.0,2.1100196605600643
-1.390915797916818,3.825304909223986,0.0,3.645309901907548
-1.5298175014974311,-2.529889350734824,0.0,6.561204725172515
-0.7062002487118809,5.931905654753412,0.0,3.2609994028277027
1.4740491917316825,-2.170551672163864,0.0,2.9014981021229778
-1.4887552988799604,3.22096851953943,0.0,4.055871273636871
1.4922618034439685,-2.8529302573621727,0.0,2.1275230685779274
-0.7547698098378013,-5.510309820008944,0.0,3.645729273628209
1.4686567993122728,-4.421000611806276,0.0,0.8271142035401201
-1.550434440692625,3.9996953907109596,0.0,2.440223646378357
-1.0261144528868642,5.938413753625437,0.0,2.070480407986464
1.413659557862864,4.582937452717275,0.0,3.301710334604359
-0.5214652198546483,-5.833731496732309,0.0,3.3436861788978147
-0.5910131749253682,6.016310315452146,0.0,3.74243947915216
-0.7694449515694665,-5.403504071864142,1.3877787807814457e-17,0.6122502251577895
1.440916354386247,3.6441621031179965,0.0,3.655886843983715
-0.6383402419784563,5.924960471588558,0.0,1.2784505108555841
1.514133889822079,-2.828008939153714,0.0,3.097753708894125
-1.5558686265811137,-3.8073166180057423,0.0,1.5240764104065796
-0.39716918485156727,6.029043151712344,0.0,0.6493751475892536
-0.7492878445770486,-5.478867563397605,0.0,4.6944409794888715
1.5525821053371367,3.6800339954275403,1.3877787807814457e-17,1.809257900418887
0.42441951655423926,-6.010131365149494,0.0,2.044326887354344
-1.5902670208463847,-3.1158895225668157,0.0,3.2117568024420162
1.0014012627762807,5.342854504160825,0.0,2.5061190703895018
-1.3442825931148792,5.390097764317892,0.0,0.6897102933086483
1.3818759783085892,-5.439882162793959,0.0,0.32377609700977306
1.5707025789942217,4.07559736145403,0.0,3.1950616489838244
-0.7709016378161625,-5.717634368897747,0.0,2.3939682759372722
-0.08740161676247664,6.020990678713132,0.0,3.367010997598099
1.1048079267099,-5.717330820024889,0.0,3.9708760876756877
-1.0456779415138497,5.690748186234675,0.0,1.146000776358845
1.6186688462905694,1.3262765879311609,0.0,1.8167963670846055
-0.1775330128591232,-5.898569515830385,0.0,2.044894302648233
-1.5945718694855955,-0.3622351329873529,0.0,3.2512142070173597
1.387114509484918,4.518377758282268,0.0,2.7974552670008985
-1.5105890580100836,-4.24629966069102,0.0,2.0910461168877594
-0.6141660407891627,6.05379561619416,0.0,3.5105220183042944
1.243226094580386,-5.403464773950316,0.0,6.723322644075608
-0.3961079444210274,-5.715218112782916,0.0,0.8802173402557729
0.3352561854312549,5.667022763260441,0.0,3.603864584569531
-0.9523074450912227,5.792915741792257,0.0,1.6458357960118104
1.321577982626559,4.462004329197144,0.0,1.2091438099211969
-0.3549592058234747,-5.723793933242197,0.0,2.528299027279365
1.5429424994732717,-0.1607545412906481,0.0,2.0312196731985233
-0.40329521671942936,-5.732298025387739,0.0,3.1017334952567652
-0.6741614927185474,5.8708064368323365,0.0,1.6767107804970904
1.4242123939163949,3.868085679618469,0.0,1.3880354622230626
-0.7490573215998404,-5.395407488340495,0.0,4.733715000063594
1.5025810613665014,3.6185048016939603,0.0,2.35183480874004
0.13675832406037064,-5.9404623031744075,0.0,5.930011658310054
-1.4491696986059133,-3.7382292494973317,0.0,1.638520633013357
-0.4671380963703434,5.936267928523612,0.0,1.233602402178841
1.4241510736382026,-3.6618228494104863,0.0,2.6803478341760054
-0.5028014513786042,5.964396480605806,0.0,3.655420948709587
-1.505343922086505,-3.477427503746215,0.0,1.0955938056676398
0.7754891464007678,5.38846507656857,0.0,1.471092267259575
1.2394334473649453,-5.149757033935221,0.0,0.29431891265448246
1.3868454832195265,4.238542398676408,0.0,1.9044914187079804
0.6941714380083674,-5.948552926734996,0.0,2.5303244137576337
1.3255766104824143,4.197361497183956,0.0,1.4818441831390203
0.5933865589758434,-5.905741311255159,0.0,0.39007430568854906
1.1779217232001402,4.664469786251112,0.0,1.5552028853739586
0.8873168252904409,-5.79999762699744,0.0,0.8355971887187197
-1.0375872329808968,5.72340342170181,0.0,2.562968533029544
-1.1106048978771368,-4.839626128124317,0.0,3.470392150762443
0.3558746864043737,5.735520742681102,1.1102230246251565e-16,5.548499346520513
0.12187097220959386,5.729502587197868,0.0,0.7106335517072793
0.025226902886704133,-5.757802006921064,0.0,0.9081892877098756
-0.08180090048614409,5.761891020248034,0.0,4.10712729886237
0.05871939969318024,-5.762413559273434,0.0,2.7553504249139213
-0.006558590398629633,5.65093392455702,0.0,1.305303414499386
1.0268867451943382,-5.431512330726543,0.0,3.48042002085708
-1.4465594432641737,-0.7672179768136372,-5.551115123125783e-17,5.560670204928836
-1.5606493589878396,-2.3977315185562373,0.0,1.055137925703175
1.0536370350489124,5.048549901914691,0.0,1.0757021327767498
0.05881087570812925,-5.831777789780036,0.0,1.347469544900176
-1.097295955724428,5.566426986865002,0.0,4.032684163112183
1.097819605542136,-5.455167710955283,0.0,1.870116712293763
-1.0916816120634187,-4.846996978569557,0.0,2.2774117247032453
-0.894558906116651,5.764612951941093,0.0,4.958124260208645
1.5232788748491226,3.184065839799592,0.0,2.1356921636170205
0.24441650593855696,-5.966273199305595,0.0,3.76986603310724
0.9667460250706185,5.080542419816416,0.0,1.4502032575190085
0.9881597316709319,-5.682961859268442,0.0,0.13049178779474005
-0.22561920133679983,-5.778727943982567,0.0,3.523706298389074
-0.2314637077287639,5.9533752836302645,0.0,6.155850176328511
-0.6764681311558094,5.865320479485273,6.938893903907228e-18,3.157686101160324
1.4311345662677983,-2.0810396821950676,-6.938893903907228e-18,2.0655475080523322
-0.6149715284512025,-5.500853698190561,0.0,3.295244994544231
-0.43659303601435995,5.881117989088871,0.0,3.280935418989452
1.2979009659909784,-4.070999388595063,-6.938893903907228e-18,3.111120933150354
-1.4834110862953678,-3.144752125165755,0.0,1.663361004293855
-0.2718195700595982,5.905896660602539,0.0,1.3429165680923443
1.2565731801280808,-5.055092971831593,0.0,3.9631288991378946
-1.2330065231655474,5.091256766883942,0.0,1.0501207363302867
1.579660513028666,2.5970353382681988,0.0,0.9804865450629078
-1.1057348660946937,-5.018806614013847,0.0,0.30698691265760275
0.5070750081050142,-5.9555389075098475,-5.551115123125783e-17,3.5828084782855556
0.7100908053885847,-5.897152096153824,-5.551115123125783e-17,2.92557400869392
-0.5307635425451467,5.87071790591906,0.0,4.929001154097489
-0.883006501085514,-5.211766183002701,0.0,6.748329953893892
-1.5609715167672813,-0.9658873764883732,0.0,2.159189640221646
0.29194583168334864,5.780433185475406,0.0,3.871610841055422
-1.4339581009585751,-4.015222960937704,0.0,4.91084900368805
1.4518723252101498,-3.3596187228624674,0.0,6.151346740274462
1.6056554965691965,0.9889974765767446,0.0,2.9326183592453376
-1.6192744211723908,1.2137405307326574,0.0,5.2457982585883665
-0.30174733924674074,-5.864148470896469,0.0,1.7009138406281483
-1.6002786666906288,0.5029346536914182,1.3877787807814457e-17,1.554589118103246
0.5279057272705849,5.719681770190343,0.0,0.7439467681459344
-0.3978237484449132,-5.688231019954778,0.0,1.44845202643315
-1.4173947277261305,3.5855550322984593,0.0,0.09243739757321788
0.6094170461666079,5.576188877912885,0.0,2.724855731928636
-0.7672212039811979,-5.38603802659327,0.0,0.8208014736949366
0.6672486726499208,5.366171515636461,0.0,2.555318426800752
-1.3756446557953463,3.8441055091058316,0.0,3.9908467619105332
1.3822256073584223,-3.736246245227148,0.0,1.3957570870616973
-1.565892842116583,-2.9669953357974164,0.0,4.769909414018735
1.3980650378161692,-4.174956911807198,0.0,2.8529679239526793
-1.4074562456226876,4.666093133119479,5.551115123125783e-17,2.8843184636185972
1.3882882531124752,-4.952940238256638,0.0,3.528916074563129
-1.2295937498055367,5.557760235577554,0.0,2.4750698032916985
-1.5999054327317228,-2.843140221748925,0.0,0.40742011118599875
0.6432087937557066,-5.992493721952531,0.0,2.385865403294249
-1.630928711368964,-2.3074291795927633,0.0,6.868787408080807
-1.175547318845733,-4.953369540788631,0.0,4.386958890056544
-1.0585730616515696,-5.075409760376553,0.0,3.282446243572901
0.05824138127105329,5.927112926101241,0.0,3.1650205353645657
1.0007081838966332,-5.689837835937504,0.0,2.161656806823487
-1.2690701218295883,-4.523660624709138,0.0,3.870944275152629
1.5846680543065323,-1.2857146693332535,0.0,4.968686109297136
-0.04652392076219461,-5.93528374291689,0.0,1.7728813631051705
-1.631400491225012,-1.1894504616966444,-2.7755575615628914e-17,1.8785224884088263
0.21065086156481946,5.8985965549403385,0.0,2.337918379643691
1.5355009576408227,-1.7645747717055815,0.0,5.765929228778434
1.2810398107426735,4.793135840579655,0.0,2.997267292445934
-0.4198680835523639,-5.795738191829536,0.0,0.7578268011147002
0.2823141051480568,5.749403811333469,0.0,1.5976971204522596
1.5347785255899529,-0.7261480267883137,-3.469446951953614e-18,1.0408539217301043
-1.4109125379755567,-4.275565736514838,0.0,0.9140290479870901
1.4486211988464694,4.001452235721423,0.0,4.460584143785374
0.6182360134683126,5.519783003653791,0.0,5.141629745917175
-0.6685633401186303,5.872525981682859,0.0,4.326724431326297
1.3360382595133309,-5.065493260489607,0.0,1.6819725640797343
-0.9904301922557414,-5.256465010564808,0.0,1.3795424338325002
-0.021315434315171647,5.871724491928038,0.0,4.655017417291055
-1.1046202624950159,-4.99614587735104,0.0,1.1370015423728976
-0.0012832203068834924,5.817024658140436,0.0,1.8657109166075316
1.5424409298912247,1.4299981146617633,0.0,2.327135754525994
-0.3380584498049096,-5.747050902747627,0.0,5.438307155318921
1.4492547684466002,3.7601749880122806,0.0,0.5306171074032728
-1.559190968137944,0.8274607800446432,0.0,1.6074928601313165
0.5290099892047918,5.676371668679939,0.0,1.029272916804858
0.6803954773859222,-5.907355341659877,0.0,0.9095208743977754
-0.7337260807949635,5.92831480447963,1.3877787807814457e-17,4.003451681012391
0.6846583992565215,-5.867458644244774,0.0,1.5604175217615865
-1.4312369286770643,-3.815371024305,0.0,0.7848164121000177
1.419519414691758,3.967486071958632,0.0,1.9915903476261088
0.560157285972599,-5.93326216253943,0.0,2.9518521576957877
-0.023908758281816305,5.800702709466265,0.0,7.040569647003305
1.5290371439987658,0.8294156701590987,0.0,2.5472345064014195
0.03421678679821639,5.857626115561655,0.0,2.3910835395730894
-1.0506733564180573,5.76391483447206,0.0,6.805897987660674
0.5589833210291136,5.623012984674862,0.0,3.6445317103930535
-1.5252980381070642,2.7871905675013573,0.0,0.8788087053466762
1.585977976858146,-2.6529264300610067,0.0,3.319710685099595
-1.6111249316578553,-3.8557198644598074,0.0,3.3830013627240474
0.9180474426460532,5.572407298720876,0.0,4.118793002147826
-1.0175006921312013,-5.432840581539701,0.0,2.9690504647568177
0.052225223267004656,6.022965159314402,0.0,0.4873208186808323
-1.0359714769457147,-5.164798211468598,0.0,0.5135016482893664
1.5692139446476157,3.121675261289244,0.0,1.3147495048350601
-0.9565267817351947,-5.269591745081155,0.0,3.5847750824760207
-1.3141512906510577,-4.627182732242718,0.0,7.381470565059606
1.0065021158204708,-5.888326401334404,0.0,2.536291342777716
1.1977318548786802,4.786324076387299,0.0,1.6274607604395892
0.9588988349331609,-5.818050609496786,0.0,1.2217082393078431
-1.6178916974196895,-0.59041694898706,0.0,2.501708944211469
-1.2000137589907354,-4.9279044392716544,0.0,3.4335869391218856
0.34003187779957456,5.861656429401135,0.0,4.882456905337916
-1.4139636196909853,-4.4114422103309145,0.0,4.893533763857649
1.598069428637496,-1.2601182676652367,0.0,5.407713017247149
0.42042186322893993,5.812244328042706,0.0,5.039550594352855
0.23892717414063033,5.77590613412779,0.0,3.512181484816753
0.21341178303235403,-5.89572260992605,0.0,7.661469736162429
0.8048655267086378,5.344839255474245,0.0,0.792811704945489
-0.6957107846870216,-5.339841144294405,6.938893903907228e-18,2.16555507857983
-1.2700287570556417,4.604041166213257,0.0,4.022098551733713
1.2942209023057138,-4.255954465184457,-6.938893903907228e-18,1.7770210516298448
-0.8294094604683906,-5.236311184939262,0.0,1.8425895229428921
-1.2390134876469525,4.9511101658561305,0.0,2.245696702262909
1.0222169659953884,5.0074786263075115,0.0,4.516157751124506
-1.2542403239503066,5.259779105298251,0.0,2.1063446439454885
1.0728990927996316,5.055292239399256,0.0,3.528821680998366
1.5207078485386214,-3.553621200699481,0.0,0.6047730638827895
-0.7877336432122898,6.021470466481654,0.0,2.957092276429766
1.4450969720886473,-4.337069124722141,0.0,0.10552905188324486
0.21645987800955205,-6.023456786464867,0.0,0.16116933043557213
-0.06106338577265249,-5.9034003953438505,0.0,2.6302876976278178
1.1616666411562135,4.718295703431757,0.0,2.1594290928200106
0.8924040655822091,-5.78876692772206,0.0,3.983762828189434
-0.8612102131614925,5.730085076002688,0.0,1.327625121422011
1.5209484725083688,-0.20571388164967863,0.0,3.6544428592113922
0.2437020932772572,5.695891603772193,0.0,0.7437491844500305
-0.09159580548406883,-5.745870224917236,0.0,1.3929119570383592
-0.8975297895464286,5.709373745856572,-2.7755575615628914e-17,4.876506276770828
-0.18132712979713544,-5.716372299754178,0.0,4.517802576189735
1.5537656535970736,1.1468888803436679,0.0,2.002307872862014
-0.2128504627644315,-5.805163945430336,0.0,2.961423952849895
-0.7196192186878215,5.83283033509168,0.0,0.35170714072719644
-1.1509943441318211,-4.747926711701895,0.0,0.2695189516673315
0.49308968046961127,-5.901728748330657,0.0,1.583614311983918
-1.4973823946680176,-3.3048097292811205,0.0,0.9339488792416011
1.5563933574237407,2.8559262889575217,0.0,5.049332064119251
1.571266267929322,2.921533260406084,0.0,4.684381928839025
-1.3793840109359254,4.454611993133549,0.0,1.6156987345449436
0.9352970488994004,5.28028278460806,0.0,1.0530003555638157
0.23335906650769905,-5.920229566800729,-1.3877787807814457e-17,1.1326564277370743
-1.3079646536922522,4.984334366411789,0.0,1.7564385334446722
0.9682098592846586,5.213536913269438,0.0,1.7391063623846688
1.2126027981293699,-5.398793515306003,0.0,1.750855853891277
-1.0878225399717805,-5.028975228983957,0.0,1.7197662479102298
-1.1019203639615287,5.657146349697002,0.0,1.6673555089096648
1.2090340896246896,4.796540151759831,0.0,1.3334942998200228
-0.23692567339986792,-5.77425793066552,0.0,3.890046246926026
1.4950089639957846,3.500945590169388,0.0,6.658727614079842
0.0029020321619153237,-5.818389753210168,0.0,2.532083785671775
1.5274295486332696,2.0728496786855874,2.7755575615628914e-17,1.952661364171753
-0.0073325137825922156,-5.858719783703423,0.0,2.7143651355043263
0.17755466148817653,5.665428198530011,0.0,0.40300750069031277
-1.474160489310908,-2.7553866064114803,0.0,2.2576403953834023
-0.05895992168936027,5.842771957902842,0.0,4.6721483666986865
-1.0040544190975373,-5.0187432910254275,0.0,1.416899177872272
0.16355613117528228,5.7169379627370835,0.0,5.544856947200349
0.0752600341599286,5.684097019561738,0.0,0.0969460830092091
1.0994261579208018,4.689412911774588,0.0,0.6826164996995495
-1.0760423613388457,-4.742287770195188,0.0,0.5080115499723192
1.4893296196850045,2.444459799174511,0.0,1.1321701739205996
-0.9657686779009514,-5.077736090086575,2.7755575615628914e-17,1.782747145650106
-1.1284874601316894,5.364780669634506,0.0,1.9476338491230143
1.0681909257571942,4.888973727215976,0.0,2.6557410645612376
-1.59404710463393,-1.325757965169111,0.0,3.2452395286348596
1.282541179666533,4.770911586192355,0.0,2.750155203705182
-1.4199461395836601,-4.478475685935359,0.0,1.2468905322524941
0.4575633799172767,5.732191524563864,0.0,2.8755164232738184
-0.6248269915016906,-5.532521421778496,-5.551115123125783e-17,3.7111332765695466
1.4037632521430725,-4.445540328642698,0.0,4.873887872087099
-0.4180520737959372,5.962104296305163,2.7755575615628914e-17,4.451897997009013
-1.4471085693105938,3.830741786038511,0.0,3.318356207498601
1.5836859716796268,3.4071413546361247,0.0,3.390218765929048
-0.9883303617713637,-5.385354109505903,0.0,4.181633658904282
1.0984403989168945,5.251053868419071,0.0,3.7763178154512955
-1.7513800516767588,-1.938741725205194,0.0,1.7981973339430628
0.1121717785553646,6.051223470163088,0.0,1.9649378010297311
1.7081266402833433,0.8362227638863804,0.0,2.814325983282613
-1.7505621111371492,-0.1335263421328154,0.0,2.1897137963166
0.5091571640198201,5.911703928201394,0.0,4.062702033199165
-0.6178138943557684,-5.783166234277264,0.0,2.307188959342558
-1.4478200603670468,4.645130703184727,0.0,5.38166109984637
-0.7534067064758162,-5.59799106509141,0.0,4.18654480098832
0.8658210589799153,5.484533167990169,0.0,3.8092233760583794
-1.6868860057629638,-2.8980416500398825,0.0,2.721817071731788
1.7780852153594855,2.0433723705800553,0.0,0.4984796369155694
-1.4076890044636337,5.532258108266373,0.0,0.7651937854062141
1.4842359217284853,-5.3632233017139646,-2.7755575615628914e-17,1.476968376196764
-1.2976227516044005,-5.165737394419145,0.0,0.18240126153247105
-0.6361465527187044,-5.723761084623208,0.0,1.183957135264549
-0.6292151889702684,5.9959576565929495,0.0,2.315609810130376
1.5975741508035572,3.1872708577243873,0.0,5.314981607328942
-0.5441708334038579,5.9855960287792795,0.0,3.064896610222155
1.3963143310071255,-4.028483911732316,0.0,1.3131282375975963
-1.5800499391644365,-3.229822406832842,0.0,3.4772530326779933
1.1319610935679956,5.1622732773292155,0.0,5.5703820882331705
0.9508483967416841,5.298193591070233,-1.3877787807814457e-17,1.9320142380060086
1.253754625077803,-5.336545954283801,0.0,2.67423586194297
-0.17169278802146526,5.921714117059598,0.0,3.385214915405404
1.1233040581572609,-5.4879138900856805,0.0,4.140664948551485
-1.1279747522120627,5.385581977293242,0.0,3.1072186179400942
1.5296969963389853,1.9629511966420072,0.0,1.6139164072723604
-0.05930530832095565,-5.833527526497518,0.0,1.0935336096482045
-1.0880963170532134,5.558806036877481,0.0,1.4613287252268445
1.3206793294811472,4.338641387763661,0.0,0.0582536154263387
-0.32259613516659913,-5.760056454103323,0.0,5.242813075850551
1.5803014350368219,1.2005201065794293,0.0,1.8142144680546683
-0.20781580839501257,-5.825902553781807,0.0,2.0316578283430555
-1.5588865987552585,-0.0795322485975172,0.0,3.179912797309248
1.377598536179242,4.456529743238929,0.0,2.20978021829487
0.6899028571666448,-5.972453602231319,0.0,4.326796825010115
-1.340970908140279,5.181731607888642,0.0,1.8637050501610244
1.0275624029788657,5.249611597619172,0.0,2.2364141471540138
1.1344686158999964,-5.697585510247103,0.0,4.59474653742818
1.2394918640759967,4.730983670134687,0.0,4.973065908541375
1.6015642350034331,2.0180189507865114,0.0,0.8381858966965459
-1.6437624142471463,-2.316589021941086,0.0,2.7448134224608585
1.7244862082783965,1.682771946915804,0.0,0.9804480540662793
-1.3853237257891804,-4.760696269585964,0.0,0.2752325285068204
0.29909290333359345,-6.046731433021515,0.0,1.9218028251862282
-1.644525034428734,-2.747470522400595,0.0,2.57956285683384
1.249134943316071,-5.73929606715086,0.0,0.18284972255935478
0.8558019719130567,-6.053421662194085,0.0,4.05645599457047
-0.7875182077088123,5.958779750789098,0.0,2.1389219531025097
1.482839499740961,4.039283545326091,0.0,3.735628886245971
-1.5614643514940958,3.2308956301843357,0.0,0.5897461122672021
0.8162481335205563,-6.071296892196925,5.551115123125783e-17,2.5639663177289167
1.4334804796166614,4.224204840156889,0.0,3.4911997968663218
-0.8803911619609657,-5.491544095601915,0.0,6.144799290110329
-0.4966729092561292,-5.7455358134242775,0.0,3.1234141355722254
-0.6110991343463101,5.953515540520599,0.0,1.8505630296542335
1.496307971807625,3.7311874062776096,0.0,2.2066602618999482
0.3827178795363642,-5.987111761092095,0.0,4.269948302827632
-0.203276654004651,5.895041288369507,0.0,5.21192941596204
-1.5130658662485665,-3.2436089800187653,0.0,1.1885090202322686
0.8392394588331632,5.305828408294707,0.0,2.281469550884869
1.1673889073743453,-5.375986152129633,0.0,5.019108191140143
1.3649373836023952,-4.724464876264322,0.0,0.7859985278670506
-1.479044876183607,4.173627102819018,0.0,1.824985296695313
0.8693344092870154,5.486258060704157,-1.734723475976807e-18,2.0553571289525743
1.3503173774152901,-5.098665373660218,0.0,3.3521229805088644
-1.6493871068277461,-2.5871374835152783,0.0,3.6971955071102243
0.21122140610992676,-5.9988140904851965,0.0,3.16618526750472
-1.2160342550610144,5.451173941327415,0.0,2.167227689709253
1.1428052306997878,4.968539898186668,0.0,3.9102749901579408
-1.3201252872928841,-4.717754954111136,0.0,0.4550596919818052
1.076150097122108,-5.821966609011735,0.0,5.2112240456346255
1.1452779400745878,5.037856180914287,0.0,1.037661173288346
-0.039234293354261526,-5.860374648351059,0.0,0.9888213802670707
-1.059988482439394,5.70155255689494,-3.469446951953614e-18,0.4454046295950853
-0.8985638209056775,-5.2821367956754965,0.0,3.361138320835769
-0.10281709280681252,5.922468648652747,0.0,3.949518240452712
-0.006987080468798489,-5.827433549958248,0.0,0.9752983440636588
-1.0339337031845133,5.64129386038994,0.0,0.27056970619473647
-1.4922928208018467,-3.6374959884792033,0.0,0.8396095466468085
1.4980247038049987,3.7114495519982067,0.0,2.8629491398781592
-1.616289517918554,-3.3378145353645245,0.0,3.3657058532787962
1.0229727156751627,5.370303008763002,0.0,3.9317744315703034
-1.1838011854850894,-5.14867271063966,0.0,0.8102679757231208
1.1181621145965752,5.076622321891832,0.0,2.419857412242342
1.6030537800130547,3.4388832257270887,0.0,2.4716885084935916
0.6562715325209102,5.64240892866334,-6.938893903907228e-18,0.9153631495110154
-0.700039201885026,-5.5368435112670396,0.0,4.489802791699763
1.5086802666843,-3.323621250618901,0.0,1.1541499528070789
-1.600158582263652,-3.6841623277217246,0.0,1.8920503706037728
-0.42498099747491935,6.080344669246842,0.0,2.4533279466798223
-0.7313035036335158,5.949028577100103,0.0,2.7274377339790643
0.6147971393863929,-5.890547531266649,0.0,0.5493498487449331
0.2733947514335883,5.723500225512405,0.0,1.725397725082586
1.511740959226766,-0.36669244889249064,0.0,1.6666638210225975
-0.42477627574439847,-5.676840724179125,0.0,1.3353505240090116
-0.6984063764697449,5.844098438983006,0.0,3.8944519925776753
-0.7709580273517606,-5.259944044346395,0.0,6.236816462835946
0.5214255380531132,-5.9276440204774685,0.0,1.8740735079304593
-1.491394224644321,-3.509042821343861,0.0,2.3210470839447335
-0.1867982609503356,5.936142754582521,0.0,5.416054140528782
-1.5565873876831666,-2.837068391095813,0.0,5.467362019730796
0.44656571520186217,5.711906002507167,0.0,2.753306961389572
-0.5709455873443402,-5.56176847584495,0.0,1.3272111916461367
-0.5474207707597932,5.857530886326358,2.7755575615628914e-17,3.845439252115498
-0.6628176886240169,-5.3627500554240735,0.0,3.457576381610831
-0.22000579823006722,5.808023024154076,0.0,5.253077917409698
-1.4328618275807,-3.445219633552086,0.0,1.881076751587838
-0.3809835343247581,5.876449051719628,0.0,2.3947346110263297
-1.5318726463121024,0.7305517961943803,0.0,3.4679583458809593
1.4902903633069255,3.9398446431966905,0.0,5.303045500839758
-0.7970067633827229,5.912288859432216,1.3877787807814457e-17,2.887240548527194
0.7089732316875895,-5.885641974927165,0.0,3.7013826811412955
1.371150784580501,3.9808200027979317,0.0,3.33998588049434
-0.6487462132014744,-5.538335301679635,0.0,3.666085656654651
1.4905889978410702,-3.3737049750909343,0.0,1.9825815457179752
-0.7732034109514927,-5.527704236272333,0.0,2.835397123626181
0.911503826325008,5.30817006749565,0.0,2.8286962778259124
-1.0407578163313376,-5.1014673942828095,0.0,2.685081128034497
1.6186506937284086,0.8322786222074299,0.0,4.975838106302978
-0.11486660574833818,-5.913948461969856,0.0,5.917123636184425
-1.3212915768037747,5.132662421557657,0.0,4.641274924756553
0.25028798600209184,-5.937955842687654,0.0,0.8226932752612233
-0.4011607160614312,5.910404547751679,0.0,2.4645453638400405
-0.46080724991129685,5.893741320244931,0.0,5.797116032003229
-1.4915510542950594,0.47158529918822,0.0,3.754950100873567
0.8318792699748617,-5.807893073827616,0.0,0.9978020681910577
-1.5469539647387627,0.8672297041724071,0.0,0.44370996185232287
-0.07126300807265162,-5.897397974110948,0.0,3.4861538874377707
-0.7815161089381247,5.8725513179133575,0.0,5.908224395675788
1.526749644740654,2.531181071160585,0.0,1.466610717692941
-0.06793820609641615,-5.847355033831911,0.0,0.19271274349767148
0.75194906742144,-5.876660208459229,0.0,1.1043509442806023
-1.54530096101262,0.8554715618612583,0.0,1.4691277117291028
0.668809877377397,5.550783513345193,0.0,0.1802274973718503
-0.10234570934092362,5.879348637021813,6.938893903907228e-18,0.7629116131010758
0.2699168706741984,-5.883197000452669,0.0,1.5918090597852756
-1.534023932471686,-2.543968974989843,0.0,0.9773805396833634
1.0858230311686972,4.95072080944968,0.0,0.2635170081873211
-0.6061368000943553,5.897008192075513,0.0,1.3842202724583264
1.4280113756528898,-3.6465851310933,0.0,4.54980113282322
0.6376369173794885,5.47840733959389,0.0,2.894880594975099
-0.8171864693578244,-5.25732258010643,0.0,4.178590218005331
0.9037297690408196,5.234121391018487,0.0,3.7164906501440806
-1.1364619270336989,5.683927831756257,0.0,5.68570499006613
-1.5949210721219664,-3.0503595118723372,0.0,1.2624264241060124
0.9729315087529214,5.252735815256486,0.0,2.9771780540087285
-0.042643912249649946,-5.904197793312132,0.0,0.5599982487262392
0.9215778886450209,5.160668561467524,1.3877787807814457e-17,2.107767228456217
1.1715299411235918,-5.4113363824136025,0.0,3.6374623427643127
1.5234272691811894,2.3130055855446057,0.0,4.179363873915409
-1.5832193723336079,-2.5081391926225214,0.0,3.6650268777722275
0.2399688220089128,-5.941714824053353,0.0,1.4506719261240533
-0.7544286414058088,5.929965379392764,5.551115123125783e-17,7.595194833785837
-0.9635926958648705,5.837140981361246,0.0,4.172727430747939
0.927968245674539,-5.776268708328102,0.0,3.4897918997392607
-1.4728518718356023,1.5059600305997378,0.0,5.812791165277555
-1.2165788018821864,-4.761123176092175,0.0,4.053537919444905
1.29295102942683,4.744219356436639,0.0,2.2315982260372405
0.8193292152156904,-5.930093878856732,0.0,4.519731222125333
1.3808816418122654,4.371044188663595,0.0,1.8281910324051522
0.7372283372613654,-5.931439061836579,0.0,2.1596944457991456
-1.4715599725502466,-3.914396460171715,0.0,3.877982414354398
1.460514844312197,-4.295987575908636,0.0,5.2218960952147135
0.7024617940415795,5.622910271031073,0.0,1.2220771912522856
0.5268521479273023,-5.950752413386556,0.0,2.661888935802679
0.6873639519144941,5.3967917311676015,0.0,3.1001504231708568
0.3473081394320973,-5.875460772588645,1.3877787807814457e-17,1.6812053528634237
-1.4901760376658213,-2.9705332554527795,0.0,1.418686223787152
1.0614388237850303,4.92822103466261,1.1102230246251565e-16,5.411517499727704
-1.1247009670678443,5.45750929806688,0.0,5.727432119894701
-1.5021520964383412,-3.4329729789177823,0.0,2.167844023342923
-0.2890588369083532,5.9385795153677075,0.0,4.005757405917148
0.23325918957662076,-5.871526874701977,0.0,1.6315375501685363
-1.5213891268036435,-2.4911677997067967,0.0,1.1901726250052558
0.9958902385903762,5.0693080174079945,0.0,2.276044207748986
1.0171977339032008,-5.649669189790419,0.0,4.950509688459
-1.5151105417447472,2.1542742157417147,0.0,2.3612263162132288
0.8820292982551978,5.3862606644045945,0.0,5.994657023784327
1.4955434957541451,4.022517788460895,0.0,2.913222522380833
-1.647391331153828,-3.3218313675620044,0.0,4.7161846802388805
1.483571555455216,-4.100307780415471,0.0,2.0820902954280625
-0.9187854864585042,-5.434299806088572,0.0,3.3831442998310517
-0.11377669754959432,6.029141793488236,0.0,4.190614490213356
0.0190826905399388,-5.9184277704711405,0.0,3.789124372719198
1.1652153090816337,4.833385330886013,0.0,2.0177587249861118
0.9728903255576435,-5.754760894330564,-1.3877787807814457e-17,3.1183669831367706
-1.5464468839430612,-0.4812841621730173,0.0,1.7234894939779482
0.3078554149979078,5.762511219907447,0.0,1.6014714254107083
1.52226349509513,-0.7200528076028766,0.0,1.0586497652183977
-1.4068574586984386,-4.2283038978596,0.0,1.0610264527424131
0.4991999428092431,5.636434747182839,0.0,1.1871093467855216
0.7058392086528134,-5.858551196095465,0.0,2.3108582650391907
-1.4682624599908807,-3.548538870182327,0.0,5.212346787716007
0.6523285634169111,-5.8800992369414535,0.0,1.2951683434356647
-1.4926693822257413,2.4528980877688036,0.0,3.2953771942983403
1.5084614949777786,3.888050784328314,0.0,3.1845708749467447
-0.768458120797863,-5.5721201639599025,0.0,2.311794658286879
-1.2878712568944894,5.288941245758908,0.0,5.442601788276526
-1.1652823523069162,-4.99969851586428,0.0,6.847151327739911
-1.619327917038155,-2.549367645660864,0.0,3.542494200782023
-0.6914566221201021,5.9885925036415255,0.0,3.278505070344758
1.4855861308106741,-2.5341419701326933,0.0,3.0691843493317785
-1.5304947684482737,-3.7284284733369653,0.0,1.310699854945286
0.7901692487458074,5.460091466949671,0.0,3.573255642271344
0.6300378524253658,5.5843424235938075,0.0,2.7143015679690166
-0.824543067626066,-5.360632547720876,0.0,0.5431883699822645
1.4371597840677421,3.7046789082373,2.7755575615628914e-17,1.926739579142824
0.4867784252494705,-5.944376764449186,0.0,2.613844072652931
0.6450391576252242,5.342316233267905,0.0,1.3928346518573018
0.32687348936940197,-5.816612559108725,0.0,4.936819745720365
0.9797806210994211,4.967491298280523,0.0,0.09517623620502992
1.546421261522701,1.9596732965179502,0.0,1.3529386053488255
-1.1623197680949637,-4.8458613769845815,0.0,4.050729539770272
1.235660452555328,4.806446456920114,0.0,2.1778201824846377
0.8969824069662881,-5.870699891608767,0.0,4.112978860911898
-0.8716190737383851,5.809014299771621,0.0,2.773826254687477
0.8596440129508145,-5.772356110804062,0.0,1.4712590128816498
-1.3918074013748516,-3.977303016797077,0.0,0.1962369542026603
-0.9301275920682376,-5.165024095884099,0.0,1.6277126190516584
-1.1823509635522618,5.361702120727838,0.0,1.2100804207837528
1.5957115316897708,2.2905311901498235,0.0,2.3982563640422194
-0.44045296164057357,5.98555375030888,0.0,2.5411607401879532
-1.485367748116682,-3.548622968347543,0.0,2.2887308928080055
-0.25322583232095086,5.951123508018949,0.0,5.031829813394469
-0.5315862188966018,5.914177096618288,0.0,2.39154135776832
1.566607613018781,1.2466926575593225,0.0,7.351594829612637
-1.3732218064417394,-4.244580149619272,0.0,2.762012022770081
1.4973822130539358,3.9948423692817543,-1.3877787807814457e-17,1.4283205636828704
-0.9209996129541463,-5.312275996897167,0.0,5.86682228229625
1.6623674690141552,1.5870597366575236,0.0,1.5042640404411831
-0.2471169683875564,-5.916582699367096,0.0,0.4577454969117306
1.6256024361440333,1.4164804854495268,0.0,4.914722040000215
-0.9938776276912273,5.790095491828855,0.0,6.028550005617905
-0.2004113977349354,5.855997964186959,0.0,4.404573002953805
0.06146675163707218,5.837498543768642,0.0,6.7787692368639805
1.4123136628205502,4.147531638982605,0.0,2.8797590360570218
-1.549288392919009,-3.7456892680956386,0.0,3.7568674843769414
1.529213238816953,-3.865824050098241,0.0,1.2119023687808397
-1.669786082229539,-3.5217486601328702,0.0,2.3989633460015574
1.7040501763551255,2.912780940427771,0.0,2.2867752855936425
-0.013020569522591863,-6.074259700606074,0.0,4.974229214171161
-1.6508578782991847,-2.0412196171169623,0.0,5.81226186288639
-0.9134199225729986,-5.415930238919696,0.0,4.160921713714459
1.0149025041027644,5.343145704226001,0.0,3.4704982874810204
-0.14569564699532536,-5.938214031283332,0.0,5.557395456858969
0.1008127262735688,-5.866414393488815,0.0,0.9609336754086143
0.1874659478497319,5.775638070178479,0.0,6.493639775700339
0.766054132600721,5.397271213004308,0.0,3.252400742806241
0.28852987603896146,-5.897150466613087,-2.7755575615628914e-17,2.9008674194380135
-0.15309294741451882,5.7878499378614565,0.0,4.169533665965482
0.11408282600490002,-5.785284566650193,0.0,3.5220661558414794
-0.9521216793400922,5.747126061027059,0.0,0.6292290140606529
0.01935960083587353,-5.870847361919799,0.0,3.684963113389896
1.5844927554652546,1.6850681618492356,0.0,2.722937012154244
-1.66320976592041,-0.8515420485513219,6.938893903907228e-18,0.5144936571902148
1.241457306225551,-5.720032472563791,0.0,1.041457872172452
-1.7488709578866817,-1.7811258987037142,0.0,0.8623720522505325
1.770390981939928,1.694658459641239,0.0,3.175561112749252
-1.3881539688290097,-4.971274926731918,0.0,2.17966944743238
-0.9344465476357795,6.066723358709228,0.0,4.1230077881519005
0.8543305669224431,-5.983692992989273,0.0,2.8796443227417243
-0.7575635790878456,5.931619706178849,0.0,3.4881799133141214
1.4148069445540665,-3.665022776328691,0.0,5.7712736434827745
1.3640655051509065,4.440739705774002,0.0,3.0638998622836375
-0.5334217261741773,-5.705514442828088,0.0,1.3580791202013078
-0.5908844828711133,5.9342449515058595,0.0,4.2661695133405715
0.43599458354810255,-5.909834449999691,0.0,5.077130506334316
1.4764525314360168,-2.448353071091884,0.0,0.9365544832706089
-1.4941461438918193,3.3781597345448593,0.0,4.818623138521043
0.6280530866654933,-5.953239099312777,0.0,3.4493450093583213
-1.3822225617849113,3.899971178314426,0.0,4.987520495487638
-0.8045587087131346,5.9067796002900534,0.0,1.103402243790548
1.5979662927126221,-0.924923623865373,0.0,1.452217427469404
-1.643631436211917,-3.018312559149694,0.0,6.879818172001748
1.1552888965619383,-5.783019026831137,0.0,3.5432187227969774
-0.7839721818290761,-5.427827144642701,0.0,0.60033913334938
1.457185065312296,3.7205636201362764,0.0,3.2815016863604702
-0.7608194560750972,-5.518264297159859,0.0,3.1340561685160755
-0.32370129122822366,5.941883169820544,0.0,1.954228359566443
1.5597581168568522,2.8365419302479555,0.0,2.7330557616040676
-1.6672188630686016,-2.3903286571028075,0.0,0.7746013871839525
1.6910959888659807,2.531010890438893,0.0,1.7901228202731314
0.05326515637776727,-6.049061369880583,0.0,1.9402774610825502
-1.6792689803111585,-1.7739208689977621,5.551115123125783e-17,2.6793041639907367
1.1326554199511376,-5.8981981097360965,0.0,3.832284723822762
0.1842341183851001,5.863598775316765,0.0,2.9409614710940017
-0.6581582584275696,-5.481346007925452,0.0,6.48779075044976
-1.1741564873940378,-4.845002463297831,0.0,3.1430736981668104
0.22545918985251906,5.8408203439218,1.3877787807814457e-17,2.0099927831863376
1.5625440628032425,0.07061406830560302,-5.551115123125783e-17,3.057039528379874
-1.4086530371947357,-4.352021173917945,0.0,1.197053493597256
0.4637316836309986,5.696165523070883,0.0,2.403959929381236
1.611937057744604,2.2607849828114546,0.0,0.6558906850264777
-1.210872405122971,5.6048517470672445,0.0,5.468910479208243
1.489216673945282,-3.549234932935623,0.0,5.115736836166947
1.4964809316586152,4.0702631418475,0.0,2.4575119674499573
1.4773917496003304,4.246728412025536,0.0,4.726934370474266
-1.6420983285048334,0.6446137750835925,0.0,2.2769982036563747
0.6570728657388993,5.690242683432774,0.0,4.813651779141969
-1.5689598002789005,-3.9980327891265066,5.551115123125783e-17,3.573877341055649
-1.4695021069106058,-4.360259609745086,0.0,2.1071249590018444
-0.6831478938601124,6.0588592340779135,0.0,3.6242173168020058
-1.5546608056039826,2.0516340208194648,1.3877787807814457e-17,3.1083150413235043
1.543577640745028,3.9707843260661324,0.0,1.6283594705869662
0.5173394937589922,-6.048827737920746,0.0,1.1919576318140386
-1.5105736537334,3.685418739346122,0.0,2.2645529264074056
0.9307011993742076,5.425941140968523,0.0,4.67114364638856
-1.664900221187186,-3.16255536571066,0.0,1.4978058978143436
-0.11613797868291885,6.043345822840313,0.0,0.46716569071938774
-1.631406045322852,-2.681011303032252,0.0,5.53984305163962
-1.3553590923292378,5.349408218912886,0.0,5.8510806040643235
-1.624850082441863,-3.4445873852728313,0.0,5.306139563735721
0.5957460705389223,-6.01453439455199,0.0,2.908195713939756
-0.4248874152014589,5.940408046255728,5.551115123125783e-17,4.315012749679316
0.26177263940702367,5.7694898911116645,0.0,3.5514741413974176
1.066357318011379,5.007217151241996,0.0,2.3299283331206073
0.9151289858819929,-5.832870137281222,0.0,5.65985698956043
1.5818559416855702,1.9874554171566614,0.0,0.7258074395846333
-1.6283268217017253,-2.2375419554484743,0.0,1.1045520606702153
1.127607084973703,5.056801877119451,-4.336808689942018e-19,1.5086330790216562
1.041686383545752,-5.775558486068919,0.0,0.5874742057340873
-0.1371213179336372,5.957827717178229,0.0,2.4820018726474724
-1.3517374200617889,4.730942139841333,0.0,2.20141440227841
0.9854276989639218,5.217120868148585,-6.938893903907228e-18,4.161016242629659
-1.076726332617493,-5.166605845454419,1.3877787807814457e-17,3.4824926248784287
0.2982891209793075,5.84779832011258,0.0,5.894255522243587
0.1252337125123337,-5.9501595945904455,0.0,5.147386155089981
1.2995940888168303,-5.156163836522778,0.0,4.398571433755158
1.3888949416134504,-4.634470023410555,0.0,3.4437017831481906
-1.6259039830230935,-2.6936630850857415,0.0,4.850755221214647
1.3406124874472234,-4.971439783045714,0.0,4.149807969533391
-1.3209956806917496,4.9883684752255855,0.0,3.208496309387803
1.597531181255054,2.8252652983105784,0.0,2.4272937402862995
1.6120748020741174,-1.8484911895868619,0.0,1.0062944418183197
-1.58292439133753,-4.0328089865318635,0.0,0.5563303202438336
1.6595290031162622,-1.3411027954279793,0.0,2.173275924906185
-0.6464471041751289,-5.766535659796674,0.0,3.9409884463539595
0.8143626439424463,5.589170758081558,0.0,0.9366844024230006
-0.9606765454980362,-5.26834952096108,0.0,5.485282143788518
-1.4789322315097446,3.6798577526184726,0.0,3.6965116396491613
-0.6533370353337058,-5.494500788551112,0.0,2.8244008090286674
0.7749122710765919,5.357158828449625,0.0,2.6559780471322982
-1.536374059991428,-2.8578523293348717,0.0,3.4363790424963447
1.0879731110063053,5.1011705464406045,0.0,4.790442573541499
-1.6401717110868692,-2.4300102187719226,0.0,3.203622931001963
1.1670830362403373,5.13044473335266,0.0,2.436679236305543
0.9438344279535694,5.3627956837903845,0.0,1.5091297740989005
1.2519770888427266,-5.525509201109147,0.0,0.5666381397491453
-0.3993312393690476,6.029764981872235,0.0,2.0408707479247257
1.6229233595420651,2.9971492398078614,0.0,3.182060322688317
-1.0491133803972894,-5.329960717174884,0.0,2.2767838252001815
-1.1239812424554305,5.761299262461183,0.0,5.018724197133247
-1.2839913479377918,5.526619965105438,0.0,0.758665040491487
1.3930113581345753,-5.352112102812403,0.0,1.4116770937639385
-1.7524377732167897,-1.8879536794500762,0.0,5.01721770141424
-1.7391895746596093,-2.3400172800098873,-2.7755575615628914e-17,1.3308654425836994
1.2631605851191152,5.052306978512418,5.551115123125783e-17,3.7426625188865104
-1.7707479308806608,-0.6713602166860069,0.0,0.8977271706858083
1.7803076041304287,0.13073630598826205,0.0,3.7964475612942294
-0.9776413083930089,6.0277208793607535,0.0,2.042854818958862
1.5093332053772808,4.441313741023559,0.0,3.1532311242155826
-0.6284307196147555,-5.837996082117689,0.0,2.0798029599699928
-1.561859070526012,3.431793900246787,5.551115123125783e-17,3.48086471256866
1.7057799182085933,2.997108895936938,0.0,5.500431126870314
1.5332924551631364,-4.643964297707434,-8.673617379884035e-19,0.26053037994264683
1.5396795717573386,4.327151506609591,1.734723475976807e-18,0.17063540753793283
1.203741455460176,4.997660012666981,0.0,0.06014462845065323
1.2139929949905763,-5.6971266104778895,0.0,0.8429272508484094
-1.3138764002787513,5.52096954337174,0.0,2.6763446374766606
0.12431872180377733,-5.999157616350964,0.0,3.4151145074602995
-1.0904359147696776,5.683538044870259,0.0,4.5474619071597235
-1.1246978493923456,-4.897984471481796,0.0,2.7092545033620614
1.3182579128719436,4.503278416483533,0.0,0.3811859377285896
-1.2123515771271447,5.502866812657939,0.0,1.7946462352721335
1.1209498084900844,5.020478682982124,0.0,1.915767948585105
1.0924650102200426,-5.71134666308592,0.0,2.601952476687204
0.031408212240498626,5.82640770171739,-1.3877787807814457e-17,0.8962720052103001
0.02827868574687399,-5.831280576090678,0.0,3.8243572978443305
1.1127204803177064,4.792123685887466,0.0,2.9310987370778743
-1.3885775728070415,-4.065176636813287,0.0,5.997231708440096
-1.6433969326122493,-1.3447063252801459,0.0,2.735970421793312
1.7072859908660563,0.6047889435304572,0.0,0.7897059258066232
-1.7506063978661792,-0.8932804549316594,0.0,1.9358566388862157
0.31628458989296643,5.986093590182636,0.0,2.6086705967043304
-1.4390794947435654,-4.3884455455383975,0.0,1.53515855522324
-0.680184865586485,6.020125100144865,0.0,0.7243815869573242
0.8151689250518485,-5.970315124736513,0.0,0.9696796150229289
-0.4347590219823184,6.0441770266601695,0.0,6.832666062250256
1.2396700402373033,4.847086827503165,0.0,4.733049656058742
-1.6613672968246878,-1.5829225206696558,0.0,2.3742246435140903
0.536260112430167,5.757650663792503,0.0,6.396859436343837
1.2081751552544433,4.9721403910851345,0.0,0.8206178681363778
-1.1520066577864985,-4.925612271431737,0.0,2.6158316022475336
1.660872907890995,1.224662193031845,0.0,1.8036114487431667
-0.22374840633383208,-5.9160661866893225,0.0,1.986193945095156
-1.6221753792147187,-0.06258035423632738,0.0,2.9483060300640176
1.5198972413169156,-3.893697716485569,0.0,6.388043980366972
-0.4384157604784783,-5.698451889495868,0.0,5.851253945551592
0.8537391250407023,-5.806801232125582,0.0,5.855029574874636
1.5615267168812514,1.4509822992885715,0.0,5.518341737198199
1.3721849267282336,-4.96384375559434,0.0,1.9800268220521484
-0.9991409381638744,-5.285784703346008,0.0,2.8104383495439933
1.134269764181566,5.066584966059219,0.0,2.3510846950036735
0.8460952254188183,-5.913722788277642,0.0,6.084781721644782
1.1872809609492825,-5.3477092011743785,0.0,1.3900402253302377
-1.6106660530907437,-1.504645772934654,0.0,4.598601417785174
-0.2702113735893378,-5.7503660477012755,0.0,6.0288041419235725
-1.18988188555814,-4.686546320661647,0.0,5.809631553312891
0.10494339210564083,-5.8780892219917895,0.0,4.334126567449206
-1.3710951686560662,4.627569604623556,0.0,6.071487194543905
-1.5532293704395772,0.7335376131304977,0.0,0.9867872888793856
1.4793318597495888,4.049585268879693,0.0,0.32919250628641156
0.34807944379972006,5.774674996955817,0.0,5.685611467568862
-1.0779651587303465,5.628635814257559,0.0,1.5094378163369997
1.2601583964674732,4.608040767795996,0.0,0.48290650776021954
-1.603138853942294,-1.5846436217595257,0.0,0.6270689957191931
1.2279645844708547,-5.583451672726744,0.0,3.8595393581212125
-0.011207955833562168,5.866011971854379,0.0,3.784494973152291
-1.1497869408284431,-4.812599337789387,0.0,1.885472951254272
-0.9770417259725539,5.711189462213848,0.0,2.433091511563468
-0.44350022263899885,5.882306757111515,8.673617379884035e-19,1.5962447785240648
1.496370582877597,3.159392977182852,0.0,1.0050518168415086
-0.8759618644545022,-5.246720842767371,0.0,0.6500022221406874
1.512288754123071,2.596156952693677,0.0,5.515130519034672
1.5027586598826377,-3.114150636151023,-1.3877787807814457e-17,2.0604765811822414
-0.75578220300093,-5.545861378795832,0.0,3.2492575469930447
-0.3427057047082563,5.987771035506968,0.0,2.8909265697730193
0.2068676061675349,-5.864587663623587,0.0,3.905874798343222
0.01594348547109401,5.796465775626487,0.0,0.27397905765157
-1.4402007878139993,2.4206978272637465,0.0,1.4289916604617143
1.537374843330278,3.1854436670468145,0.0,5.64895569212227
0.6769895571563681,5.559051642712833,0.0,0.6356488649772366
-1.4539842975260016,-3.7676453586112033,0.0,4.6028789206812455
1.4286488059121358,-3.650651803857592,0.0,0.2000697840715098
1.6605822656374032,1.7815034862616455,0.0,0.9405840908987827
-1.681242333625686,-0.8273406028549293,0.0,5.201035465389037
-0.1110666838159719,-5.948273826150204,0.0,0.9472608393404526
0.2693649501877981,5.800129663435528,0.0,5.563493885975479
-0.0059320080072317,5.803011368433919,0.0,1.3567374450615493
1.0444731432722425,-5.6494106793336245,0.0,4.180033115849405
-1.036424524127254,5.555495701654527,0.0,3.602239818893221
-1.5066053554964252,-2.159250978799864,0.0,0.9235930323300686
1.5629514038977939,1.8488619834303952,0.0,4.583647233510113
0.02578154634995428,5.8098821739470345,0.0,4.725827979451365
-1.0734644437275767,-4.9829603870014125,-2.7755575615628914e-17,2.176201787313479
-1.0115497951887429,5.671669523039733,0.0,4.087041729062439
1.0118001134507717,-5.617412914837008,0.0,2.471774078310904
1.5194589816186983,2.264177566649008,-6.938893903907228e-18,0.4307845993891249
-0.4909967666699145,5.91119669976509,0.0,3.2007439707034417
1.3548583443719597,-4.013586513098104,0.0,2.431234984169671
0.994167758635832,-5.78155537577243,0.0,0.9483620437364906
-0.9463504081386855,5.8549441184337,0.0,5.189102412777281
-1.2561513323679423,-4.747481719531544,0.0,0.571599244401222
1.6140362053325987,1.7398674563771914,0.0,2.6105544344663554
-1.2058235617123152,5.696783370504578,0.0,1.3000869124091585
1.7189370871902574,1.4846052878064269,0.0,3.324760017856147
-1.371518586136249,-4.9093360667757855,0.0,3.4525190669984283
0.5460080854147714,5.860497212698016,0.0,5.1898571564363
-1.6456533490940985,1.0928584306832896,0.0,0.8463569707486286
1.6965750852536354,-0.9571154317357331,0.0,2.760965801302385
-1.7067665469673308,1.812887173733182,0.0,1.180139353356102
1.6489222902242757,4.148784074598712,0.0,2.1260462666396642
0.5293054048905577,-6.188273070457105,0.0,3.724686874623809
1.6950696047625753,1.9163164962442105,0.0,6.299052221956703
-0.6063845197699769,-5.588232932226793,0.0,2.5464742658561113
1.4919516936987174,-3.009834216776688,0.0,3.432880149353442
-1.5830509923787863,-3.46136086895652,0.0,4.685243928887413
1.4899185844361398,-3.5148462751298912,0.0,1.6647562060704306
-0.8287786361293263,-5.47428927535806,0.0,1.3156993265101478
-0.3233883376057144,5.972099871199121,0.0,3.667508149462835
-1.5664621296084908,-2.967850092679438,0.0,1.6513630825088308
-0.18414193392678893,5.95433634133761,0.0,1.27920085695081
1.2589454510755484,-5.292301231562467,0.0,3.1833185465905753
-1.6030014964972406,-2.417841268903869,0.0,2.2350136583762388
0.05490064117539007,5.933610734129393,0.0,4.477667787471121
-1.6517366893772993,-1.237454500681621,0.0,0.5578177182438742
1.2855390889255982,-5.578350656849463,0.0,2.0063452452181125
-1.1828027886493255,-5.0988164266410765,0.0,2.947459829244744
0.4182199084199974,5.850521530203909,0.0,0.13468691768852697
0.6629660253197216,5.543735402028229,0.0,1.0813058847044816
0.5519457703703061,-5.9107812468306715,0.0,1.389904047000999
-1.394123043369591,4.2111671681592595,0.0,4.711750381619444
0.5175122517664329,-5.9149490290007645,0.0,1.9098422379617135
-1.4875067179091523,-3.482817137690803,0.0,2.495753577068969
-0.629531330260591,-5.576442851076256,0.0,3.7385080316636867
1.5870866830901655,3.4521252309726607,0.0,0.7373977001747323
-1.5858591385754206,-3.5399921827818197,0.0,1.2992180559980966
0.8749542350554153,5.4147644208439,0.0,3.397846878501128
0.13098806778728284,-5.9652520127762685,0.0,4.3710511837337185
0.2990251122190559,-5.96474420642803,0.0,0.5833657853843446
0.6525175189626343,5.50300970550543,0.0,2.569022581732067
-1.5593646203695597,-2.9078750151479054,0.0,0.12309376875740698
-1.1466054221190491,5.703119039122902,0.0,4.518344044330961
-1.123045986660915,-4.969860637468477,0.0,1.746282375873701
-1.0613508603180568,5.692022861427791,0.0,1.787404932530086
1.2251018695192648,4.736252261638026,0.0,1.8921090938151588
0.9411977832963067,-5.826784790292021,0.0,2.469683562573533
1.0739572500800159,-5.698648907337394,0.0,5.194522669361036
1.0771726705675182,5.028137399458057,0.0,0.7156035205316508
