freq_Hz,PSD
0.0,3.052877993540313
0.057542039434425866,14.100574576044371
0.11508407886885173,15.720900505386627
0.1726261183032776,14.928605028162355
0.23016815773770347,16.507742773984276
0.2877101971721293,12.437777213613419
0.3452522366065552,12.336502788007829
0.40279427604098106,13.355323586331776
0.46033631547540693,13.382011972233084
0.5178783549098328,10.124902066839228
0.5754203943442586,8.506961716216232
0.6329624337786846,10.414839722080659
0.6905044732131104,9.947428713309405
0.7480465126475363,10.784702779542158
0.8055885520819621,9.457594468057533
0.863130591516388,7.754073965624188
0.9206726309508139,5.930569117067869
0.9782146703852397,4.649423751392393
1.0357567098196656,4.998278626889844
1.0932987492540915,6.066371577557399
1.1508407886885172,6.546023072575821
1.2083828281229432,7.716568180791523
1.265924867557369,6.2482036515444594
1.323466906991795,5.673972511157575
1.3810089464262207,5.380938522800764
1.4385509858606467,5.345383136058665
1.4960930252950726,5.163331690926231
1.5536350647294983,5.469868628327914
1.6111771041639242,5.7152107630282005
1.6687191435983502,5.268029908120013
1.726261183032776,4.862245914387343
1.7838032224672018,5.040619261040711
1.8413452619016277,5.771304896832344
1.8988873013360537,4.956008676793995
1.9564293407704794,4.151989020073076
2.0139713802049055,3.3938359736903396
2.071513419639331,3.9321937124029414
2.129055459073757,4.695837616648073
2.186597498508183,4.343612968556408
2.244139537942609,4.1851573166819325
2.3016815773770345,4.833512302462582
2.3592236168114606,3.9293186411150143
2.4167656562458864,3.969947479874849
2.474307695680312,4.1051205957532835
2.531849735114738,4.320084568390742
2.589391774549164,4.161325344199289
2.64693381398359,3.519827601926461
2.7044758534180158,3.1133148247470728
2.7620178928524415,3.6451678883502066
2.8195599322868676,3.8166013448160614
2.8771019717212933,3.245433047086923
2.934644011155719,3.4191507264125818
2.992186050590145,3.4083898784123163
3.049728090024571,3.5520051576677147
3.1072701294589966,3.225609033509504
3.1648121688934228,3.494100580477978
3.2223542083278485,3.389620640513876
3.279896247762274,3.3160267128899674
3.3374382871967003,3.2605937342037454
3.394980326631126,3.242848778289682
3.452522366065552,2.448775543343469
3.510064405499978,2.557021232994644
3.5676064449344036,2.935950028774282
3.6251484843688297,3.10524764460698
3.6826905238032555,3.4181654325820485
3.740232563237681,3.1206788794044185
3.7977746026721073,2.6481445572797178
3.855316642106533,3.2056901304452974
3.9128586815409587,2.764028531246736
3.970400720975385,2.4824899079124885
4.027942760409811,3.112514952960682
4.085484799844236,2.817038370128637
4.143026839278662,2.263843011903599
4.200568878713089,2.074520860648986
4.258110918147514,1.9659152189154276
4.31565295758194,2.3034962350214543
4.373194997016366,2.372798169494103
4.430737036450791,2.6086987587659363
4.488279075885218,2.5823721445786187
4.545821115319644,2.342108867922633
4.603363154754069,2.229165310823067
4.660905194188495,2.1831803968300014
4.718447233622921,1.9807463397997422
4.7759892730573466,1.5295161600316416
4.833531312491773,2.1116971407233955
4.891073351926199,2.2114224707324164
4.948615391360624,1.8228712911775453
5.00615743079505,1.8815224128918397
5.063699470229476,1.6937255109797382
5.121241509663902,1.6672002196553795
5.178783549098328,1.7157219650810298
5.236325588532754,1.8230186172586884
5.29386762796718,1.7205753030681825
5.351409667401605,1.6495076770277894
5.4089517068360315,1.4816818026972969
5.466493746270458,1.4037643072204948
5.524035785704883,1.445732777829537
5.581577825139309,1.3855190762870602
5.639119864573735,1.2460098384854128
5.6966619040081605,1.3366022562835964
5.754203943442587,1.2427123843311558
5.811745982877013,1.4026550682909424
5.869288022311438,1.506310270961028
5.926830061745864,1.341153804188368
5.98437210118029,1.2856595299002147
6.041914140614716,1.25970425269286
6.099456180049142,1.0335465816891625
6.156998219483568,0.9897315911357936
6.214540258917993,1.0836677519146007
6.272082298352419,1.1878266502922503
6.3296243377868455,1.0975152511719017
6.387166377221271,1.0334698463724237
6.444708416655697,1.0843655475488634
6.502250456090123,0.9397573752787405
6.559792495524548,0.6436957423588127
6.6173345349589745,0.7704218227128845
6.674876574393401,0.8330024816567526
6.732418613827827,0.7273558001707777
6.789960653262252,0.7381042506745926
6.847502692696678,0.6268102790744351
6.905044732131104,0.5958715200433123
6.96258677156553,0.7546092134317416
7.020128810999956,0.5845323604708436
7.077670850434382,0.4724785922163782
7.135212889868807,0.38488958348309765
7.192754929303233,0.30162502301001537
7.2502969687376595,0.30235141050573405
7.307839008172085,0.3294967370579421
7.365381047606511,0.3161579131492522
7.422923087040937,0.33544486284199976
7.480465126475362,0.37136942677338686
7.5380071659097885,0.35854453724643653
7.595549205344215,0.3532779765945688
7.65309124477864,0.4893529160618582
7.710633284213066,0.4694877846571829
7.768175323647492,0.42264682235369316
7.8257173630819175,0.36840797819652876
7.883259402516344,0.367057664820071
7.94080144195077,0.3589334185972166
7.998343481385195,0.3563494513551427
8.055885520819622,0.3415783066520695
8.113427560254047,0.31220827220542424
8.170969599688473,0.313757839757881
8.2285116391229,0.3573629569165764
8.286053678557325,0.38042361574860295
8.34359571799175,0.3277348915880942
8.401137757426177,0.3195071304983375
8.458679796860602,0.33144008970163846
8.516221836295028,0.2812177934287468
8.573763875729455,0.2436472765168271
8.63130591516388,0.21593727669425478
8.688847954598305,0.231203893558949
8.746389994032732,0.24081475497933053
8.803932033467158,0.24544616575571956
8.861474072901583,0.20614456129195655
8.91901611233601,0.22249388209517243
8.976558151770435,0.20640842626428751
9.03410019120486,0.16968591223004587
9.091642230639287,0.19099260290764314
9.149184270073713,0.1879812630715813
9.206726309508138,0.16941467489857662
9.264268348942565,0.16834466043905238
9.32181038837699,0.1760265384825988
9.379352427811416,0.23078600321369241
9.436894467245843,0.20271498818362563
9.494436506680268,0.15318361728267121
9.551978546114693,0.13445050696712246
9.60952058554912,0.16302035397129233
9.667062624983545,0.14555270846796178
9.72460466441797,0.14525184533222574
9.782146703852398,0.14631662014699184
9.839688743286823,0.13761275355387842
9.897230782721248,0.09043473161838546
9.954772822155675,0.09224323952367913
10.0123148615901,0.0884394869389273
10.069856901024526,0.08558460291613554
10.127398940458953,0.10419776509460318
10.184940979893378,0.1183925640116332
10.242483019327803,0.11360963467066594
10.30002505876223,0.10070797072932294
10.357567098196656,0.09699894181317459
10.415109137631083,0.08855952709011787
10.472651177065508,0.06151378288089019
10.530193216499933,0.06799612206896324
10.58773525593436,0.07111762006103416
10.645277295368786,0.07240685016162957
10.70281933480321,0.0588080838321892
10.760361374237638,0.05242455213187344
10.817903413672063,0.05029243597861201
10.875445453106488,0.05157725695582184
10.932987492540915,0.05093424680551942
10.99052953197534,0.049183574424974744
11.048071571409766,0.04647540304165213
11.105613610844193,0.05007906015045889
11.163155650278618,0.045034843256453364
11.220697689713043,0.045391398095289304
11.27823972914747,0.03902308919991045
11.335781768581896,0.0383812179496725
11.393323808016321,0.035620886171027405
11.450865847450748,0.038489958354998674
11.508407886885173,0.03812387567549824
11.565949926319599,0.033411480159432856
11.623491965754026,0.031016782048094167
11.681034005188451,0.02745136811706026
11.738576044622876,0.027638606741099303
11.796118084057303,0.027540619590477704
11.853660123491728,0.02458310482059891
11.911202162926154,0.028288288612064314
11.96874420236058,0.02524743146731522
12.026286241795006,0.02635021288334562
12.083828281229431,0.026746772325058663
12.141370320663858,0.0252289077772593
12.198912360098284,0.02416012282881319
12.256454399532709,0.019810551859737714
12.313996438967136,0.01827611094804249
12.371538478401561,0.01873343481088352
12.429080517835986,0.016378695187702914
12.486622557270413,0.011823099479026357
12.544164596704839,0.012870500742533363
12.601706636139264,0.011623565820832557
12.659248675573691,0.014318791617305811
12.716790715008116,0.013979430445241829
12.774332754442542,0.011093683658942225
12.831874793876969,0.008891625976008654
12.889416833311394,0.009259264294276766
12.94695887274582,0.009295215481321017
13.004500912180246,0.007485544505468092
13.062042951614671,0.006955835061653927
13.119584991049097,0.008223177997172829
13.177127030483524,0.008663260475984995
13.234669069917949,0.007401235356010325
13.292211109352376,0.0061534976801390215
13.349753148786801,0.005821522670660727
13.407295188221227,0.004707109423748755
13.464837227655654,0.004470014617212348
13.522379267090079,0.005095952236672875
13.579921306524504,0.005038036710462751
13.637463345958931,0.004214446406865642
13.695005385393356,0.00429242758448742
13.752547424827782,0.004626016348687399
13.810089464262209,0.004257213549404964
13.867631503696634,0.004121657175472653
13.92517354313106,0.003756281765184283
13.982715582565486,0.003305742457632352
14.040257621999912,0.0037827655492875126
14.097799661434337,0.004395763904748949
14.155341700868764,0.004336239828957552
14.21288374030319,0.004304208149526489
14.270425779737614,0.004426643912720495
14.327967819172041,0.0051052480823691885
14.385509858606467,0.005684033737541492
14.443051898040892,0.004975976374228548
14.500593937475319,0.00514490089465535
14.558135976909744,0.004439285157667692
14.61567801634417,0.004232892891623868
14.673220055778597,0.0039584697519611444
14.730762095213022,0.0033822792256391187
14.788304134647447,0.0037200259238821085
14.845846174081874,0.0033573062087812818
14.9033882135163,0.003600091703761715
14.960930252950725,0.0036475566212946166
15.018472292385152,0.003797101401710878
15.076014331819577,0.0037862044181269025
15.133556371254002,0.00391205173332589
15.19109841068843,0.004415442540345655
15.248640450122855,0.004360284728334414
15.30618248955728,0.0041607457070310895
15.363724528991707,0.0035015240640910725
15.421266568426132,0.0034755406086813398
15.478808607860557,0.0041090779601775825
15.536350647294984,0.004054043052393543
15.59389268672941,0.00435304497566433
15.651434726163835,0.005115710351555375
15.708976765598262,0.003918839059873171
15.766518805032687,0.0034913458281244838
15.824060844467112,0.003692963048745471
15.88160288390154,0.004347799436958238
15.939144923335965,0.0038241214549299693
15.99668696277039,0.004005052923687837
16.054229002204817,0.003785222697966061
16.111771041639244,0.003606754533242773
16.169313081073668,0.0033795573436285037
16.226855120508095,0.00267837560950647
16.28439715994252,0.0030215679106653966
16.341939199376945,0.0032669113571306943
16.399481238811372,0.003209571999584887
16.4570232782458,0.004115676837787964
16.514565317680223,0.0032784754440708516
16.57210735711465,0.0028441818959083903
16.629649396549077,0.0037901929497325642
16.6871914359835,0.0032033329793764134
16.744733475417927,0.0032569185707982725
16.802275514852354,0.003271634746957262
16.859817554286778,0.003239668002420136
16.917359593721205,0.003155306979626575
16.974901633155632,0.0028010559910442464
17.032443672590055,0.0026751236822750387
17.089985712024482,0.0034259578899212394
17.14752775145891,0.003513348149079863
17.205069790893333,0.0035920188505583804
17.26261183032776,0.0032661588461444283
17.320153869762187,0.0030979345833233333
17.37769590919661,0.0036754445109161184
17.435237948631038,0.004138730957088842
17.492779988065465,0.0033248429381552607
17.550322027499888,0.003096382034582134
17.607864066934315,0.0033530771230912146
17.665406106368742,0.0035685606944185866
17.722948145803166,0.003604523743186808
17.780490185237593,0.0032077125099016484
17.83803222467202,0.002579638698608879
17.895574264106443,0.0026640538807988523
17.95311630354087,0.0033082498358154846
18.010658342975297,0.0032888505135988443
18.06820038240972,0.0035649039185041025
18.125742421844148,0.003721160072293005
18.183284461278575,0.003973648821150406
18.240826500713,0.003542721782702905
18.298368540147425,0.003495795692714641
18.355910579581852,0.003072474958899412
18.413452619016276,0.0030209454283026587
18.470994658450703,0.003167051284711335
18.52853669788513,0.0027389981396270815
18.586078737319554,0.0024124114916292583
18.64362077675398,0.002513540653907267
18.701162816188408,0.002427380987651533
18.75870485562283,0.0026060655051999464
18.816246895057258,0.003149774782508934
18.873788934491685,0.0028191860012605715
18.93133097392611,0.0025490174771978973
18.988873013360536,0.002685141344098813
19.046415052794963,0.0025975704833822743
19.103957092229386,0.002632408035761834
19.161499131663813,0.003057721893819686
19.21904117109824,0.0027543068543892046
19.276583210532664,0.002466485791449875
19.33412524996709,0.0025902902067889548
19.391667289401518,0.0024005488550080177
19.44920932883594,0.002263016357660908
19.50675136827037,0.002342812884541893
19.564293407704795,0.0018795266340117004
19.62183544713922,0.0018952282407156303
19.679377486573646,0.0025330996074258835
19.736919526008073,0.0020628891874172953
19.794461565442496,0.002141041967080473
19.852003604876924,0.0017430056600541682
19.90954564431135,0.0015352943368498314
19.967087683745774,0.0016342869177351836
20.0246297231802,0.0014244279046890596
20.082171762614628,0.0015301362848199414
20.13971380204905,0.0014579402671141238
20.19725584148348,0.0015401273971304174
20.254797880917906,0.0017771271216098232
20.31233992035233,0.0017951284610541777
20.369881959786756,0.0016752955412365782
20.427423999221183,0.0015492610228644004
20.484966038655607,0.0016299427033801075
20.542508078090034,0.0021805728154692637
20.60005011752446,0.002222835808878406
20.657592156958888,0.0018295118251609808
20.71513419639331,0.001999897222698376
20.77267623582774,0.002291359082025413
20.830218275262165,0.0017503284333181127
20.88776031469659,0.0019565977749891146
20.945302354131016,0.0021153248940781826
21.002844393565443,0.002051582127021884
21.060386432999866,0.0018173814293805076
21.117928472434293,0.001921818965982343
21.17547051186872,0.0016933501351103645
21.233012551303144,0.0014838288121777489
21.29055459073757,0.0013829487436465612
21.348096630171998,0.0014776107954640938
21.40563866960642,0.0012888542240333662
21.46318070904085,0.0013453565896572259
21.520722748475276,0.0011007432143575848
21.5782647879097,0.0009960723977859244
21.635806827344126,0.0010965801842547191
21.693348866778553,0.0014742617184388379
21.750890906212977,0.0016396744618763863
21.808432945647404,0.0014296735583063257
21.86597498508183,0.0012598740606122557
21.923517024516254,0.0014713340392200642
21.98105906395068,0.001606725510583249
22.03860110338511,0.0015808243804361184
22.096143142819532,0.0015146922679616333
22.15368518225396,0.0014633279044378546
22.211227221688386,0.0013949165350483344
22.26876926112281,0.0011399975873033223
22.326311300557236,0.00106807824469257
22.383853339991663,0.001094591889392587
22.441395379426087,0.0012092004833862168
22.498937418860514,0.0011338665985628838
22.55647945829494,0.0010615294331016588
22.614021497729365,0.0011393998420424366
22.67156353716379,0.0012009787555666584
22.72910557659822,0.0012213110418296364
22.786647616032642,0.0011647430277400492
22.84418965546707,0.001076816242324798
22.901731694901496,0.001007987373077677
22.95927373433592,0.0010143390781828352
23.016815773770347,0.0007896701599952561
23.074357813204774,0.0008914215362689874
23.131899852639197,0.0009666260705221734
23.189441892073624,0.0010091703014536127
23.24698393150805,0.0010429539827773446
23.304525970942475,0.0010434589922766742
23.362068010376902,0.0009472934336383256
23.41961004981133,0.0008445062629778985
23.477152089245752,0.0009485165713108771
23.53469412868018,0.0009482866613171057
23.592236168114606,0.000801204133519691
23.64977820754903,0.0008358002402269264
23.707320246983457,0.001074223220747898
23.764862286417884,0.0009341896178119985
23.822404325852307,0.000827727450956394
23.879946365286735,0.0007617752429980165
23.93748840472116,0.0007333126899381944
23.995030444155585,0.0007746845650743589
24.052572483590012,0.0008669894550489408
24.11011452302444,0.0007679149421791691
24.167656562458863,0.0008022659115696739
24.22519860189329,0.0006861167483165766
24.282740641327717,0.0006740238429152664
24.34028268076214,0.0008819036485334982
24.397824720196567,0.0007881916385703566
24.455366759630994,0.0007019628669754159
24.512908799065418,0.0007597672442361154
24.570450838499845,0.0007165472783425703
24.627992877934272,0.0006265019109242673
24.685534917368695,0.0006615357305071934
24.743076956803122,0.0006484694520740299
24.80061899623755,0.0005771599618245901
24.858161035671973,0.0006153893960335456
24.9157030751064,0.0006766386590026937
24.973245114540827,0.0007089525291511916
25.03078715397525,0.0005016469921819308
25.088329193409677,0.0005127145868170095
25.145871232844105,0.0005357591995864077
25.203413272278528,0.0004955116917991878
25.260955311712955,0.000489135843073716
25.318497351147382,0.0004793575131678966
25.376039390581806,0.0004951518023141637
25.433581430016233,0.000518244056026341
25.49112346945066,0.00043327729215814965
25.548665508885083,0.0004545229036440774
25.60620754831951,0.0004687438631163576
25.663749587753937,0.00039569068432415916
25.72129162718836,0.00041410024166359304
25.778833666622788,0.00042298245962727507
25.836375706057215,0.0004551295613285322
25.89391774549164,0.0004102451531113399
25.951459784926065,0.0003583997208940402
26.009001824360492,0.0003051852305592633
26.066543863794916,0.00030961387312978145
26.124085903229343,0.00030277999653678824
26.18162794266377,0.0002626804638203106
26.239169982098193,0.0002339510870219986
26.29671202153262,0.0002618008977849343
26.354254060967047,0.0002476333199029761
26.41179610040147,0.0002612094976700235
26.469338139835898,0.0002339034315598502
26.526880179270325,0.00023286967599042596
26.584422218704752,0.0002764503771243734
26.641964258139176,0.0002923130333566044
26.699506297573603,0.00032427435197655044
26.75704833700803,0.0003076567292195434
26.814590376442453,0.00029631871588935117
26.87213241587688,0.0002709298343327015
26.929674455311307,0.0002658299409283613
26.98721649474573,0.00024178568471080203
27.044758534180158,0.0002868713224394686
27.102300573614585,0.00026268335275415514
27.15984261304901,0.00022878823807094155
27.217384652483435,0.0002338247532765559
27.274926691917862,0.00023707887980059728
27.332468731352286,0.0002148069591596321
27.390010770786713,0.00020509058802745258
27.44755281022114,0.0002267913591453286
27.505094849655563,0.0002144595728389932
27.56263688908999,0.00015609247958540018
27.620178928524417,0.00018210532452410882
27.67772096795884,0.00017768775677424672
27.735263007393268,0.00020342407256193255
27.792805046827695,0.00017479333276011687
27.85034708626212,0.00013986420752272927
27.907889125696546,0.0001495337729183921
27.965431165130973,0.0001435594735929208
28.022973204565396,0.00011995967193190799
28.080515243999823,0.0001089320954273219
28.13805728343425,0.00011804175712485346
28.195599322868674,0.00013470324702184185
28.2531413623031,0.00014278321347422707
28.310683401737528,0.00011803885283223669
28.36822544117195,0.00012321514106513262
28.42576748060638,0.0001230342822288094
28.483309520040805,0.00011333229411227222
28.54085155947523,0.00014072608387708785
28.598393598909656,0.00014018006975225508
28.655935638344083,0.00012698631558348103
28.713477677778506,0.00014899846603786069
28.771019717212933,0.00013908352466836794
28.82856175664736,0.00011361905874615747
28.886103796081784,0.00010977988387104873
28.94364583551621,0.00012134400285850903
29.001187874950638,0.00012755439105692682
29.05872991438506,0.00010101538378710798
29.11627195381949,8.377233109812544e-05
29.173813993253916,7.379210382662289e-05
29.23135603268834,7.522576409460025e-05
29.288898072122766,8.662366808784088e-05
29.346440111557193,8.041979804273925e-05
29.403982150991617,7.429403775333555e-05
29.461524190426044,7.659639540113476e-05
29.51906622986047,7.442970671927192e-05
29.576608269294894,8.638387871879134e-05
29.63415030872932,7.877571763808068e-05
29.69169234816375,8.206341803636094e-05
29.74923438759817,7.770018903297187e-05
29.8067764270326,8.626499546773222e-05
29.864318466467026,7.742480692875558e-05
29.92186050590145,8.330740020636456e-05
29.979402545335876,8.318336670805241e-05
30.036944584770303,5.8694044850265826e-05
30.094486624204727,5.2815165548714055e-05
30.152028663639154,7.099323505532128e-05
30.20957070307358,8.162017203926714e-05
30.267112742508004,7.328188657721281e-05
30.32465478194243,5.8437954366726885e-05
30.38219682137686,5.61018986932317e-05
30.439738860811282,7.612342910006566e-05
30.49728090024571,6.009195202384407e-05
30.554822939680136,5.18908426719303e-05
30.61236497911456,5.5453609687278046e-05
30.669907018548987,5.193355448196328e-05
30.727449057983414,5.3576171460169525e-05
30.784991097417837,4.969401681544209e-05
30.842533136852264,5.016492177015541e-05
30.90007517628669,5.141400477059094e-05
30.957617215721115,4.511648982241345e-05
31.01515925515554,4.665944073886735e-05
31.07270129458997,4.539134300721994e-05
31.130243334024392,5.3368387237611105e-05
31.18778537345882,4.83973312018271e-05
31.245327412893246,4.1922460050989325e-05
31.30286945232767,4.299606272952483e-05
31.360411491762097,4.258342040393171e-05
31.417953531196524,3.8602517301880606e-05
31.475495570630947,3.1017740836213865e-05
31.533037610065374,2.980509350799908e-05
31.5905796494998,4.0039410172493187e-05
31.648121688934225,3.402909673080947e-05
31.705663728368652,3.05851815037759e-05
31.76320576780308,3.5900253894086126e-05
31.820747807237503,3.6061825287827666e-05
31.87828984667193,3.0451230003747914e-05
31.935831886106357,2.8073331914311808e-05
31.99337392554078,2.54125784216081e-05
32.05091596497521,2.893256950409234e-05
32.108458004409634,2.66609056755884e-05
32.16600004384406,2.495805466388477e-05
32.22354208327849,2.6057229129973836e-05
32.28108412271291,2.3644467409593302e-05
32.338626162147335,2.1784319404449172e-05
32.396168201581766,2.052150425147942e-05
32.45371024101619,2.0663538869912127e-05
32.51125228045061,2.544242037900625e-05
32.56879431988504,2.3242432320043858e-05
32.62633635931947,2.2322506211908776e-05
32.68387839875389,1.9198930707907388e-05
32.74142043818832,2.4524907187349406e-05
32.798962477622744,2.0834357097451534e-05
32.85650451705717,1.9881134186520573e-05
32.9140465564916,2.2622766677143024e-05
32.97158859592602,2.7641919272065982e-05
33.029130635360445,2.5251497738538383e-05
33.086672674794876,1.7813925637641887e-05
33.1442147142293,1.757171269344968e-05
33.20175675366372,1.8447831187942863e-05
33.259298793098154,1.7258312418452053e-05
33.31684083253258,1.6660274965935644e-05
33.374382871967,1.588223525311671e-05
33.43192491140143,1.9724927543909477e-05
33.489466950835855,2.1207301620378713e-05
33.54700899027028,1.7961262102576266e-05
33.60455102970471,1.5909583810240585e-05
33.66209306913913,1.5937430863375692e-05
33.719635108573556,1.34150800786715e-05
33.777177148007986,1.5286064251267842e-05
33.83471918744241,1.4218125477681629e-05
33.89226122687683,1.3839106858097102e-05
33.949803266311264,1.344053661756889e-05
34.00734530574569,1.2057760108496254e-05
34.06488734518011,1.2852520632673202e-05
34.12242938461454,1.201423091959821e-05
34.179971424048965,1.2472172700715254e-05
34.23751346348339,1.0941398443395832e-05
34.29505550291782,1.1210937211982403e-05
34.35259754235224,1.3470598528586358e-05
34.410139581786666,1.2186598193374456e-05
34.4676816212211,1.0384500473435461e-05
34.52522366065552,1.1572196384559383e-05
34.58276570008994,1.2016142712015292e-05
34.640307739524374,9.881300688582507e-06
34.6978497789588,1.0871656694133249e-05
34.75539181839322,1.1879594950727541e-05
34.81293385782765,1.0425742300388726e-05
34.870475897262075,9.463753082302294e-06
34.9280179366965,1.0716634136671285e-05
34.98555997613093,9.490444214659569e-06
35.04310201556535,1.0149703421160111e-05
35.100644054999776,9.310451929452578e-06
35.15818609443421,1.188189483708844e-05
35.21572813386863,1.288879774440786e-05
35.273270173303054,9.011000532860533e-06
35.330812212737484,9.09445652178556e-06
35.38835425217191,8.074207724529973e-06
35.44589629160633,8.123125142637928e-06
35.50343833104076,8.874509394710122e-06
35.560980370475185,8.396289947398194e-06
35.61852240990961,8.747188533994598e-06
35.67606444934404,8.236437302481431e-06
35.73360648877846,8.937449665421452e-06
35.79114852821289,7.741560139568617e-06
35.84869056764732,7.015160690496244e-06
35.90623260708174,6.72160508758772e-06
35.963774646516164,7.120512160700216e-06
36.021316685950595,6.547216846366179e-06
36.07885872538502,6.637365385775748e-06
36.13640076481944,7.241894861697025e-06
36.19394280425387,7.373031459117454e-06
36.251484843688296,7.83439004783513e-06
36.30902688312272,7.968855201635798e-06
36.36656892255715,8.777739992458127e-06
36.42411096199157,6.9213305662367654e-06
36.481653001426,7.179582309083762e-06
36.53919504086043,7.650191535409447e-06
36.59673708029485,7.507368340567623e-06
36.654279119729274,6.4896868802764975e-06
36.711821159163705,5.802110091509882e-06
36.76936319859813,5.737351907367406e-06
36.82690523803255,6.007929284751355e-06
36.88444727746698,6.826131189033854e-06
36.941989316901406,6.4427784422109035e-06
36.99953135633583,5.537495036911654e-06
37.05707339577026,5.644586388653084e-06
37.11461543520468,6.9091662267909746e-06
37.17215747463911,5.9857685734601224e-06
37.22969951407354,5.306466870239189e-06
37.28724155350796,5.820998511096482e-06
37.344783592942385,5.50513299356943e-06
37.402325632376815,4.833408284748433e-06
37.45986767181124,5.136665246283801e-06
37.51740971124566,6.0545163665308005e-06
37.57495175068009,5.5492471026389425e-06
37.632493790114516,4.847905885200671e-06
37.69003582954894,5.335382371884569e-06
37.74757786898337,5.856553263844768e-06
37.805119908417794,4.460667341270346e-06
37.86266194785222,5.608014752000993e-06
37.92020398728665,5.404390995639276e-06
37.97774602672107,5.0738558038556825e-06
38.035288066155495,4.895846210349641e-06
38.092830105589925,5.662643252660937e-06
38.15037214502435,5.377924317869035e-06
38.20791418445877,4.080633110359609e-06
38.2654562238932,3.863561933531754e-06
38.32299826332763,4.84560015021904e-06
38.38054030276205,5.226675117911848e-06
38.43808234219648,4.449140549174414e-06
38.495624381630904,4.118186167593496e-06
38.55316642106533,3.7377663259736095e-06
38.61070846049976,3.974525464843884e-06
38.66825049993418,4.491919725778575e-06
38.725792539368605,3.548368567036017e-06
38.783334578803036,3.660419146394947e-06
38.84087661823746,3.6617112614348914e-06
38.89841865767188,4.20098364694651e-06
38.95596069710631,4.1132709463525854e-06
39.01350273654074,4.451946148608174e-06
39.07104477597516,3.4008973425242467e-06
39.12858681540959,3.3985532492741863e-06
39.186128854844014,3.679368382384378e-06
39.24367089427844,3.265611443321294e-06
39.30121293371287,3.75248536431978e-06
39.35875497314729,3.8047101676599114e-06
39.416297012581715,3.5645497794066255e-06
39.473839052016146,3.8136107757267445e-06
39.53138109145057,4.16158042681985e-06
39.58892313088499,3.7710328909832016e-06
39.64646517031942,3.4317450723693514e-06
39.70400720975385,3.3397400407934166e-06
39.76154924918827,2.6996320728172744e-06
39.8190912886227,2.9062303924950932e-06
39.876633328057125,3.1953427395513967e-06
39.93417536749155,3.22629189693263e-06
39.99171740692598,2.882495475219181e-06
40.0492594463604,2.818904753057519e-06
40.106801485794826,3.3193493740254985e-06
40.164343525229256,3.170937098807309e-06
40.22188556466368,2.9629669887209885e-06
40.2794276040981,3.1041431956014965e-06
40.336969643532534,3.056966223262375e-06
40.39451168296696,2.7647461220768324e-06
40.45205372240138,2.1910240264792123e-06
40.50959576183581,2.0839946493638145e-06
40.567137801270235,2.4554780548293798e-06
40.62467984070466,2.325726976523616e-06
40.68222188013909,2.6106454029661213e-06
40.73976391957351,2.520547690044392e-06
40.797305959007936,2.5729353399191306e-06
40.85484799844237,2.689280488117363e-06
40.91239003787679,2.4664321446712337e-06
40.96993207731121,2.297674593309462e-06
41.027474116745644,2.3424205614295623e-06
41.08501615618007,2.3133493577144394e-06
41.14255819561449,2.3495886119907518e-06
41.20010023504892,2.0367216584510204e-06
41.257642274483345,1.9785009769221554e-06
41.315184313917776,2.1130379979232693e-06
41.3727263533522,2.2468515360208607e-06
41.43026839278662,1.813986930818258e-06
41.48781043222105,1.9796759629248157e-06
41.54535247165548,2.275831950820928e-06
41.6028945110899,2.298638842993536e-06
41.66043655052433,2.3239597566488944e-06
41.717978589958754,2.206046824894178e-06
41.77552062939318,1.9483014632305102e-06
41.83306266882761,1.8073729529588186e-06
41.89060470826203,1.8218956190931933e-06
41.948146747696455,1.927154421036324e-06
42.005688787130886,2.2799649236602708e-06
42.06323082656531,2.073401458137152e-06
42.12077286599973,1.9885627715311355e-06
42.17831490543416,2.0440990571186273e-06
42.23585694486859,2.1167857385463396e-06
42.29339898430301,1.8853358176992744e-06
42.35094102373744,1.6554148199343046e-06
42.408483063171865,1.3868676325190448e-06
42.46602510260629,1.4603893702649993e-06
42.52356714204072,1.6547042435081768e-06
42.58110918147514,1.7626163628462242e-06
42.638651220909566,1.4519956916985478e-06
42.696193260343996,1.506115212059159e-06
42.75373529977842,1.4888713774191488e-06
42.81127733921284,1.2997657714122525e-06
42.868819378647274,1.2964271857941527e-06
42.9263614180817,1.7044814109601394e-06
42.98390345751612,1.7800784371568687e-06
43.04144549695055,1.5680048571332154e-06
43.098987536384975,1.6009624517363313e-06
43.1565295758194,1.478169813438542e-06
43.21407161525383,1.6464262381572448e-06
43.27161365468825,1.4503228273462986e-06
43.329155694122676,1.1915652046659394e-06
43.38669773355711,1.1599407014233804e-06
43.44423977299153,1.3088184437885148e-06
43.50178181242595,1.2252473769779422e-06
43.559323851860384,1.2377895047067256e-06
43.61686589129481,1.1829299875367669e-06
43.67440793072923,1.203832145732993e-06
43.73194997016366,1.127596320603082e-06
43.789492009598085,1.3405532398855855e-06
43.84703404903251,1.0858488873988456e-06
43.90457608846694,1.148637018619025e-06
43.96211812790136,1.1121644342797037e-06
44.019660167335786,1.2396558299004017e-06
44.07720220677022,1.1467985482629112e-06
44.13474424620464,1.1774699170358799e-06
44.192286285639064,1.1927652246408794e-06
44.249828325073494,1.075489553257966e-06
44.30737036450792,1.1574286649528019e-06
44.36491240394234,1.1594652836805626e-06
44.42245444337677,1.121088117038408e-06
44.479996482811195,1.0721551594181882e-06
44.53753852224562,8.76663059244172e-07
44.59508056168005,8.094101288327292e-07
44.65262260111447,8.332897036149009e-07
44.710164640548896,1.089133972938194e-06
44.76770667998333,9.732217812502692e-07
44.82524871941775,7.991663391813418e-07
44.882790758852174,9.014600854033494e-07
44.940332798286605,8.499094615267005e-07
44.99787483772103,8.772130139380381e-07
45.05541687715545,8.191460056774124e-07
45.11295891658988,7.123951349404216e-07
45.170500956024306,7.597552193198175e-07
45.22804299545873,9.402746332632227e-07
45.28558503489316,7.701162173045921e-07
45.34312707432758,7.187771708415092e-07
45.40066911376201,6.819427138176894e-07
45.45821115319644,6.771866198132107e-07
45.51575319263086,8.122931981898817e-07
45.573295232065284,6.100078402335906e-07
45.630837271499715,6.129535781026739e-07
45.68837931093414,7.293114803578263e-07
45.74592135036856,7.42367785814767e-07
45.80346338980299,8.468642790780249e-07
45.861005429237416,6.865492789539673e-07
45.91854746867184,6.678521858181353e-07
45.97608950810627,6.242589060700235e-07
46.03363154754069,5.627676718393271e-07
46.09117358697512,6.056889485276517e-07
46.14871562640955,5.803694449372382e-07
46.20625766584397,6.469814005133453e-07
46.263799705278394,6.886684665544298e-07
46.321341744712825,6.524054303589722e-07
46.37888378414725,6.721113905675323e-07
46.43642582358167,5.340637443107633e-07
46.4939678630161,6.070071463914455e-07
46.551509902450526,5.291243341892592e-07
46.60905194188495,5.156378078164483e-07
46.66659398131938,4.5646421502920754e-07
46.724136020753804,4.312910491675813e-07
46.78167806018823,3.896114753195489e-07
46.83922009962266,4.558630169993114e-07
46.89676213905708,5.235283334523916e-07
46.954304178491505,4.3095320071094174e-07
47.011846217925935,3.660246075274482e-07
47.06938825736036,4.298814932432054e-07
47.12693029679478,4.347327181663233e-07
47.18447233622921,4.2024416083692346e-07
47.242014375663636,4.285759782705108e-07
47.29955641509806,4.5058986783589347e-07
47.35709845453249,4.4582443749761386e-07
47.414640493966914,4.238280343988671e-07
47.47218253340134,4.77239314676053e-07
47.52972457283577,3.9619266283815935e-07
47.58726661227019,4.423780823589462e-07
47.644808651704615,4.6037416225315834e-07
47.702350691139046,4.356939642107382e-07
47.75989273057347,4.0267507030722405e-07
47.81743477000789,3.508096771969037e-07
47.87497680944232,2.975037795505247e-07
47.93251884887675,3.0371731941638005e-07
47.99006088831117,3.148574990399855e-07
48.0476029277456,2.950491532570769e-07
48.105144967180024,3.528858843950024e-07
48.16268700661445,3.1782352175888534e-07
48.22022904604888,3.122343694371265e-07
48.2777710854833,3.8847085966719036e-07
48.335313124917725,3.869700773142394e-07
48.392855164352156,3.041182365268831e-07
48.45039720378658,2.723694855281442e-07
48.507939243221,3.092294367919987e-07
48.56548128265543,2.938029969537741e-07
48.62302332208986,2.8599816021535335e-07
48.68056536152428,2.845289042040593e-07
48.73810740095871,2.524693984429225e-07
48.795649440393134,2.1808982188038913e-07
48.85319147982756,2.079128453017469e-07
48.91073351926199,2.1691843335870426e-07
48.96827555869641,2.3098765349072074e-07
49.025817598130836,2.4468977642264e-07
49.083359637565266,2.4044172258972244e-07
49.14090167699969,2.6111477260709894e-07
49.19844371643411,2.484380863756704e-07
49.255985755868544,2.5190974388706886e-07
49.31352779530297,2.793993266591639e-07
49.37106983473739,2.3050687344354928e-07
49.42861187417182,2.1311022520498423e-07
49.486153913606245,1.87417593453972e-07
49.54369595304067,1.970284866096794e-07
49.6012379924751,2.4942148252173396e-07
49.65878003190952,2.4924279144441864e-07
49.716322071343946,2.0827336043778677e-07
49.773864110778376,1.8689838165579346e-07
49.8314061502128,1.802489088378527e-07
49.88894818964722,1.5838409755846924e-07
49.946490229081654,1.637841498256852e-07
50.00403226851608,1.636665021367022e-07
50.0615743079505,1.7837641464418076e-07
50.11911634738493,1.7693468028457805e-07
50.176658386819355,1.5203496793427065e-07
50.23420042625378,1.5015682628873976e-07
50.29174246568821,1.6105551682557255e-07
50.34928450512263,1.7547590204394742e-07
50.406826544557056,1.8380866629067583e-07
50.46436858399149,1.5238194236792943e-07
50.52191062342591,1.3268216131605168e-07
50.579452662860334,1.511587263594617e-07
50.636994702294764,1.721640712797123e-07
50.69453674172919,1.4804018945565917e-07
50.75207878116361,1.2108992172168254e-07
50.80962082059804,1.1526763494210946e-07
50.867162860032465,1.2611896647127685e-07
50.92470489946689,1.241160576460587e-07
50.98224693890132,1.3198685386988245e-07
51.03978897833574,1.3409814987576317e-07
51.097331017770166,1.4206243971635426e-07
51.1548730572046,1.258182810719298e-07
51.21241509663902,1.0074738956506671e-07
51.269957136073444,9.763206773885853e-08
51.327499175507874,1.1469985890006075e-07
51.3850412149423,1.0192913191737282e-07
51.44258325437672,1.0386726186933953e-07
51.50012529381115,1.213971380216909e-07
51.557667333245575,1.1311630720923976e-07
51.61520937268,1.1302166184030067e-07
51.67275141211443,9.648524012122232e-08
51.73029345154885,1.0002500528435412e-07
51.78783549098328,1.042455845057738e-07
51.84537753041771,1.0639283233486855e-07
51.90291956985213,1.1374619775321263e-07
51.960461609286554,9.85063866495926e-08
52.018003648720985,9.876306845624e-08
52.07554568815541,9.551298738433654e-08
52.13308772758983,9.212794017845715e-08
52.19062976702426,8.845292098122405e-08
52.248171806458686,8.719995952313595e-08
52.30571384589311,8.026124343565636e-08
52.36325588532754,7.905780745828681e-08
52.42079792476196,7.354487434697729e-08
52.47833996419639,8.156376177116095e-08
52.53588200363082,8.295647420140469e-08
52.59342404306524,7.58989592217457e-08
52.650966082499664,6.569555362482262e-08
52.708508121934095,5.885563299580893e-08
52.76605016136852,6.665445279854032e-08
52.82359220080294,6.527986865664677e-08
52.88113424023737,7.397820342325434e-08
52.938676279671796,6.834141669544472e-08
52.99621831910622,5.816069350186698e-08
53.05376035854065,6.053473534236817e-08
53.111302397975074,5.847515467994435e-08
53.168844437409504,7.029501583129989e-08
53.22638647684393,7.019704599917748e-08
53.28392851627835,6.445779289730889e-08
53.34147055571278,6.62163064601187e-08
53.399012595147205,5.9509527927450003e-08
53.45655463458163,5.761203997404418e-08
53.51409667401606,4.983241561179541e-08
53.57163871345048,4.576956253609608e-08
53.629180752884906,5.444351005318533e-08
53.68672279231934,5.665222169381071e-08
53.74426483175376,4.9542095749603394e-08
53.801806871188184,5.288148811573167e-08
53.859348910622614,5.1818807617354806e-08
53.91689095005704,5.235030682391221e-08
53.97443298949146,5.5387722576670344e-08
54.03197502892589,4.944470630614876e-08
54.089517068360315,4.671010546254539e-08
54.14705910779474,4.85034666235302e-08
54.20460114722917,3.9328304682493314e-08
54.26214318666359,3.702456482927016e-08
54.31968522609802,4.787829685308399e-08
54.37722726553245,4.5576264821701833e-08
54.43476930496687,4.137577525056195e-08
54.492311344401294,4.287005977870053e-08
54.549853383835725,4.442462548357841e-08
54.60739542327015,3.6384619534483036e-08
54.66493746270457,3.9448636727329465e-08
54.722479502139,4.292413033038494e-08
54.780021541573426,3.625085577387499e-08
54.83756358100785,3.0856430683879764e-08
54.89510562044228,3.6006164095794375e-08
54.9526476598767,3.08846737950968e-08
55.01018969931113,3.190070648325116e-08
55.06773173874556,3.914276893858108e-08
55.12527377817998,3.495683479124789e-08
55.182815817614404,2.9353802938418388e-08
55.240357857048835,3.335748123776662e-08
55.29789989648326,3.0014954084532816e-08
55.35544193591768,2.978971524276861e-08
55.41298397535211,3.418598208902589e-08
55.470526014786536,3.474649527358585e-08
55.52806805422096,2.8845010102445394e-08
55.58561009365539,2.7333032358577592e-08
55.643152133089814,3.068645019488448e-08
55.70069417252424,2.8062875478651103e-08
55.75823621195867,2.7628670900848877e-08
55.81577825139309,2.466622057430845e-08
55.873320290827515,2.2379644289812434e-08
55.930862330261945,2.508950055503938e-08
55.98840436969637,2.9549513100447718e-08
56.04594640913079,2.4882766619567755e-08
56.10348844856522,2.2941891847871162e-08
56.161030487999646,2.401287245826417e-08
56.21857252743407,2.5619321962074867e-08
56.2761145668685,2.3172459304046822e-08
56.333656606302924,2.2259437041691168e-08
56.39119864573735,2.2761017934033696e-08
56.44874068517178,2.424958085554207e-08
56.5062827246062,2.1274531084352788e-08
56.563824764040625,2.1319532903844236e-08
56.621366803475055,2.0867901501323292e-08
56.67890884290948,2.0905652985323497e-08
56.7364508823439,1.809437510323723e-08
56.79399292177833,2.156846177457451e-08
56.85153496121276,2.1986706811498455e-08
56.90907700064718,1.800238580109111e-08
56.96661904008161,1.765740277414416e-08
57.024161079516034,1.8864512906963963e-08
57.08170311895046,1.8153777249737517e-08
57.13924515838489,1.650395535314111e-08
57.19678719781931,1.5850281447007943e-08
57.254329237253735,1.8661055137001758e-08
57.311871276688166,1.5624741529690144e-08
57.36941331612259,1.6280964868210588e-08
57.42695535555701,1.9981802071609098e-08
57.48449739499144,1.9378731006881002e-08
57.54203943442587,1.639166715353491e-08
57.59958147386029,1.5650696621070485e-08
57.65712351329472,1.5916977853219417e-08
57.714665552729144,1.8868602790161624e-08
57.77220759216357,1.601887241038823e-08
57.829749631598,1.5343974648743216e-08
57.88729167103242,1.3764372928476893e-08
57.944833710466845,1.4208386207262541e-08
58.002375749901276,1.2966540142477137e-08
58.0599177893357,1.229083445865057e-08
58.11745982877012,1.2164532276227866e-08
58.17500186820455,1.176891639233299e-08
58.23254390763898,1.1274866704704185e-08
58.2900859470734,1.1156384908155216e-08
58.34762798650783,1.4392897977811336e-08
58.405170025942255,1.6054466845595895e-08
58.46271206537668,1.3875617466976788e-08
58.52025410481111,1.1701335113485528e-08
58.57779614424553,1.2157595355187608e-08
58.635338183679956,1.244321052101606e-08
58.692880223114386,1.2430248601487846e-08
58.75042226254881,1.0529991807372548e-08
58.80796430198323,1.123415216103137e-08
58.865506341417664,1.1164630158647012e-08
58.92304838085209,1.1364136926813087e-08
58.98059042028651,1.2669297608065284e-08
59.03813245972094,1.1197626390850847e-08
59.095674499155365,8.395624488495237e-09
59.15321653858979,1.0789145827529797e-08
59.21075857802422,8.935325343400421e-09
59.26830061745864,7.821018884917692e-09
59.325842656893066,8.746889077341483e-09
59.3833846963275,1.0456834404641836e-08
59.44092673576192,1.1074462564503785e-08
59.49846877519634,8.497365841660272e-09
59.556010814630774,7.917287490991406e-09
59.6135528540652,7.705896409635598e-09
59.67109489349962,9.864632371086497e-09
59.72863693293405,9.143340164010652e-09
59.786178972368475,9.727536856219038e-09
59.8437210118029,8.109829059982486e-09
59.90126305123733,7.985672192593556e-09
59.95880509067175,7.632119688900054e-09
60.016347130106176,9.729543278938177e-09
60.07388916954061,9.234325042596337e-09
60.13143120897503,7.646202415209813e-09
60.188973248409454,7.0569081860731674e-09
60.246515287843884,7.865018890974643e-09
60.30405732727831,6.654111373298554e-09
60.36159936671273,5.976024387337636e-09
60.41914140614716,8.746021200994494e-09
60.476683445581585,8.624289930331323e-09
60.53422548501601,5.789225908254257e-09
60.59176752445044,7.220218441784183e-09
60.64930956388486,7.752551276494332e-09
60.706851603319286,6.519579842365265e-09
60.76439364275372,5.549157294570677e-09
60.82193568218814,5.215713113666785e-09
60.879477721622564,5.882691948324371e-09
60.937019761056995,6.155149900723561e-09
60.99456180049142,7.097365883618814e-09
61.05210383992584,6.069515748184258e-09
61.10964587936027,6.662060400616934e-09
61.167187918794696,6.952310988108196e-09
61.22472995822912,5.839345112077336e-09
61.28227199766355,5.224060946143167e-09
61.33981403709797,5.020072920774449e-09
61.3973560765324,5.602540925506152e-09
61.45489811596683,5.193992720027037e-09
61.51244015540125,4.965406575492637e-09
61.569982194835674,5.4106022714035815e-09
61.627524234270105,6.680779780292445e-09
61.68506627370453,5.016665273011415e-09
61.74260831313895,4.857210839556782e-09
61.80015035257338,5.1135163943555925e-09
61.857692392007806,5.084662465072744e-09
61.91523443144223,4.629062374697788e-09
61.97277647087666,3.961649175783103e-09
62.03031851031108,4.3287457679654806e-09
62.08786054974551,3.7174739467942694e-09
62.14540258917994,4.9384119642973776e-09
62.20294462861436,5.040838209548076e-09
62.260486668048785,5.092520672523734e-09
62.318028707483215,4.038987483519131e-09
62.37557074691764,3.4922963071970223e-09
62.43311278635206,3.816626981357741e-09
62.49065482578649,4.576711284377036e-09
62.548196865220916,4.079909243058159e-09
62.60573890465534,3.8597636780948895e-09
62.66328094408977,4.290518793015191e-09
62.720822983524194,4.628434975970862e-09
62.77836502295862,4.303094723762153e-09
62.83590706239305,3.3839830118296405e-09
62.89344910182747,4.280663063306012e-09
62.950991141261895,4.20860345415097e-09
63.008533180696325,3.370851822649471e-09
63.06607522013075,3.288832257227487e-09
63.12361725956517,3.184313228012011e-09
63.1811592989996,2.862549940704754e-09
63.238701338434026,2.6064210160094137e-09
63.29624337786845,3.721823596103452e-09
63.35378541730288,3.991696090902775e-09
63.411327456737304,3.7026977424355046e-09
63.46886949617173,2.8935300918151252e-09
63.52641153560616,2.4453799538187145e-09
63.58395357504058,2.738994198143683e-09
63.641495614475005,2.674434984977626e-09
63.699037653909436,3.0050397022462467e-09
63.75657969334386,3.458851865065429e-09
63.81412173277828,3.632583834511497e-09
63.87166377221271,3.6211543587537954e-09
63.92920581164714,2.6360812831408103e-09
63.98674785108156,2.7728063002194925e-09
64.04428989051598,2.9251801841469236e-09
64.10183192995042,2.677116505922292e-09
64.15937396938484,2.6350605496777192e-09
64.21691600881927,2.652379190284691e-09
64.27445804825369,2.13147384437611e-09
64.33200008768812,2.559604388638162e-09
64.38954212712254,2.3969763024026708e-09
64.44708416655698,2.165914149070541e-09
64.5046262059914,2.3606461148652203e-09
64.56216824542582,2.7268761045787644e-09
64.61971028486025,2.5042688866660013e-09
64.67725232429467,2.1612276713581625e-09
64.7347943637291,2.3298472982640545e-09
64.79233640316353,2.5991761882473576e-09
64.84987844259796,2.1736054094614226e-09
64.90742048203238,2.1272437220932643e-09
64.9649625214668,2.1099670693503107e-09
65.02250456090123,1.896310168037554e-09
65.08004660033565,1.7511300344000852e-09
65.13758863977009,1.922791057725697e-09
65.19513067920451,2.430638474489219e-09
65.25267271863893,1.9370134917515344e-09
65.31021475807336,1.7646616065175224e-09
65.36775679750778,2.0191257873151197e-09
65.4252988369422,1.85540826073887e-09
65.48284087637664,1.828758633224269e-09
65.54038291581107,1.775201521312756e-09
65.59792495524549,1.5372855134324594e-09
65.65546699467991,1.6230571193685708e-09
65.71300903411434,1.7063556333419127e-09
65.77055107354876,1.6655816389519372e-09
65.8280931129832,1.7917917555098968e-09
65.88563515241762,1.9526824934976427e-09
65.94317719185204,1.807659493781758e-09
66.00071923128647,1.6075947292927868e-09
66.05826127072089,1.5018398573741322e-09
66.11580331015531,1.4518569633928898e-09
66.17334534958975,1.6240644803491329e-09
66.23088738902418,1.6424516613997416e-09
66.2884294284586,1.5448781995975605e-09
66.34597146789302,1.5127085573174715e-09
66.40351350732745,1.4518407049756198e-09
66.46105554676187,1.4153521665881095e-09
66.51859758619631,1.4721955783655024e-09
66.57613962563073,1.2911916650883303e-09
66.63368166506515,1.3432573154676374e-09
66.69122370449958,1.1499445362580283e-09
66.748765743934,1.2347316231330588e-09
66.80630778336842,1.3748467888006777e-09
66.86384982280286,1.470527653476757e-09
66.92139186223729,1.312186101729445e-09
66.97893390167171,1.075233740112069e-09
67.03647594110613,1.1560200244574739e-09
67.09401798054056,1.2687518037876165e-09
67.15156001997498,1.3384145896290441e-09
67.20910205940942,1.3986123092297844e-09
67.26664409884384,1.0545429946683223e-09
67.32418613827826,1.1124636605810657e-09
67.38172817771269,1.2758690350226488e-09
67.43927021714711,1.1285936312495671e-09
67.49681225658153,8.339755033248704e-10
67.55435429601597,9.28286977445025e-10
67.6118963354504,9.753724387355471e-10
67.66943837488482,1.0602183147361167e-09
67.72698041431924,1.0616818203199694e-09
67.78452245375367,1.0850820252852474e-09
67.84206449318809,1.0178895793778728e-09
67.89960653262253,1.0382149229007322e-09
67.95714857205695,8.421690780911466e-10
68.01469061149137,7.466523545180382e-10
68.0722326509258,8.077696614278332e-10
68.12977469036022,1.0084170282186934e-09
68.18731672979465,9.55173948473455e-10
68.24485876922908,8.238171949661017e-10
68.3024008086635,7.849598858144103e-10
68.35994284809793,6.86184711460075e-10
68.41748488753235,7.741570337035973e-10
68.47502692696678,7.883820693779095e-10
68.5325689664012,6.796951730425639e-10
68.59011100583564,8.091326241884856e-10
68.64765304527006,9.141269564059442e-10
68.70519508470448,9.523630752115233e-10
68.76273712413891,8.064385588752386e-10
68.82027916357333,7.384817972729612e-10
68.87782120300776,6.335878866290145e-10
68.9353632424422,6.480304897886842e-10
68.99290528187662,7.01372175693319e-10
69.05044732131104,6.830758358389589e-10
69.10798936074546,7.360296560149549e-10
69.16553140017989,6.490053315599849e-10
69.22307343961431,6.227644565843288e-10
69.28061547904875,6.305157233440204e-10
69.33815751848317,5.726079235913281e-10
69.3956995579176,6.582961322825194e-10
69.45324159735202,6.787326902294024e-10
69.51078363678644,6.507112696475069e-10
69.56832567622087,6.061489221096573e-10
69.6258677156553,6.213750816828555e-10
69.68340975508973,5.363274760635392e-10
69.74095179452415,5.216175015557095e-10
69.79849383395857,5.477982987289653e-10
69.856035873393,5.545779976949263e-10
69.91357791282742,5.778110096566356e-10
69.97111995226186,4.862748461965487e-10
70.02866199169628,5.743209356376839e-10
70.0862040311307,4.50026760139696e-10
70.14374607056513,5.01396559716565e-10
70.20128810999955,5.197043921762317e-10
70.25883014943398,4.446788334526258e-10
70.31637218886841,4.955298274818759e-10
70.37391422830284,4.876236700541605e-10
70.43145626773726,4.798978206862165e-10
70.48899830717168,5.007159682744005e-10
70.54654034660611,4.851921398218162e-10
70.60408238604053,4.247532568483299e-10
70.66162442547497,3.3102462447271003e-10
70.71916646490939,4.0450560272450337e-10
70.77670850434382,4.577460001089006e-10
70.83425054377824,3.8512738138197996e-10
70.89179258321266,3.6569979346115233e-10
70.9493346226471,3.8422492406724303e-10
71.00687666208152,3.643841866015039e-10
71.06441870151595,4.330957628376111e-10
71.12196074095037,4.047842050584553e-10
71.1795027803848,3.766697872528953e-10
71.23704481981922,4.290703243185752e-10
71.29458685925366,3.9296020746433187e-10
71.35212889868808,3.033590959342202e-10
71.4096709381225,2.6920242294730717e-10
71.46721297755693,3.0464254584244195e-10
71.52475501699135,2.9726029507890464e-10
71.58229705642577,3.4540396033188474e-10
71.63983909586021,3.8978727853884034e-10
71.69738113529463,2.977463668368077e-10
71.75492317472906,3.483430698472365e-10
71.81246521416348,3.269934364355132e-10
71.8700072535979,3.2790644950520497e-10
71.92754929303233,2.6074714900976206e-10
71.98509133246677,2.685701954996969e-10
72.04263337190119,3.0714931925469847e-10
72.10017541133561,3.515006027942935e-10
72.15771745077004,3.151156006196846e-10
72.21525949020446,2.88510648797578e-10
72.27280152963888,2.608168805328798e-10
72.33034356907332,2.5796901712823743e-10
72.38788560850774,2.1542364336706634e-10
72.44542764794217,1.9073776682624052e-10
72.50296968737659,2.6254697035346005e-10
72.56051172681101,2.6321745784480935e-10
72.61805376624544,2.458410260716838e-10
72.67559580567988,2.559576778932427e-10
72.7331378451143,2.3326105044084446e-10
72.79067988454872,2.371237694533467e-10
72.84822192398315,1.8455771775675552e-10
72.90576396341757,2.506382435456825e-10
72.963306002852,2.344728532159148e-10
73.02084804228643,2.252105337809672e-10
73.07839008172085,2.6504493095365776e-10
73.13593212115528,2.1719023332466855e-10
73.1934741605897,1.9503159338716536e-10
73.25101620002413,1.9161234426682187e-10
73.30855823945855,1.8612264901984336e-10
73.36610027889299,1.936909994575126e-10
73.42364231832741,1.5993108993566965e-10
73.48118435776183,1.5606005346280525e-10
73.53872639719626,1.9897856218437975e-10
73.59626843663068,1.98542943121799e-10
73.6538104760651,1.8445450184165258e-10
73.71135251549954,1.9777408787866926e-10
73.76889455493396,1.631864899657376e-10
73.82643659436839,1.4219436497185604e-10
73.88397863380281,1.4862087776491168e-10
73.94152067323724,1.6865900305820435e-10
73.99906271267166,1.5322700946383108e-10
74.0566047521061,1.7608067436746058e-10
74.11414679154052,1.8414246488479245e-10
74.17168883097494,1.6285396358401477e-10
74.22923087040937,1.8266511031987225e-10
74.28677290984379,1.3226733526605783e-10
74.34431494927821,1.2156502503913003e-10
74.40185698871265,1.226662238012486e-10
74.45939902814708,1.4598137379322054e-10
74.5169410675815,1.290407470057874e-10
74.57448310701592,1.4825889241529496e-10
74.63202514645035,1.291002565244958e-10
74.68956718588477,1.1686509988785085e-10
74.7471092253192,1.2894682734324287e-10
74.80465126475363,1.2378150271711672e-10
74.86219330418805,1.1693269035749267e-10
74.91973534362248,1.2343125344984173e-10
74.9772773830569,1.1865869051851172e-10
75.03481942249132,1.1243370969324297e-10
75.09236146192576,1.4853165568549234e-10
75.14990350136019,1.3341507443145012e-10
75.20744554079461,1.3560323111680916e-10
75.26498758022903,1.31158513753002e-10
75.32252961966346,1.1198092597005093e-10
75.38007165909788,8.913584668635905e-11
75.43761369853232,8.253991198120796e-11
75.49515573796674,9.691704644052667e-11
75.55269777740116,9.921572038801625e-11
75.61023981683559,9.283492566606767e-11
75.66778185627001,1.0248319012514302e-10
75.72532389570443,9.707576562105433e-11
75.78286593513887,1.0949487802489712e-10
75.8404079745733,9.606093862402366e-11
75.89795001400772,8.917818457045492e-11
75.95549205344214,8.812913738254546e-11
76.01303409287657,8.467992327373147e-11
76.07057613231099,8.630870828648509e-11
76.12811817174543,9.551930691256342e-11
76.18566021117985,9.540027706836866e-11
76.24320225061427,7.586762871343014e-11
76.3007442900487,7.97846197372107e-11
76.35828632948312,8.060321021413163e-11
76.41582836891754,7.165618040883026e-11
76.47337040835198,6.327593408891055e-11
76.5309124477864,8.028489644056957e-11
76.58845448722083,7.33351156238521e-11
76.64599652665525,6.832857148309211e-11
76.70353856608968,7.381451198658859e-11
76.7610806055241,7.655087131053375e-11
76.81862264495854,8.61773386690524e-11
76.87616468439296,7.419360887815157e-11
76.93370672382738,6.966040213793341e-11
76.99124876326181,6.970167782133637e-11
77.04879080269623,6.197064351233327e-11
77.10633284213066,6.079603737654829e-11
77.16387488156509,6.189240226604425e-11
77.22141692099952,5.612487961934038e-11
77.27895896043394,5.313469001785855e-11
77.33650099986836,6.170438357334124e-11
77.39404303930279,6.935969412895273e-11
77.45158507873721,6.346384986565254e-11
77.50912711817165,6.604918560857444e-11
77.56666915760607,5.908549014802902e-11
77.6242111970405,4.257639626143683e-11
77.68175323647492,5.432157315972609e-11
77.73929527590934,4.69480666141011e-11
77.79683731534377,4.9479219804026834e-11
77.8543793547782,5.652363792080303e-11
77.91192139421263,4.746260508852846e-11
77.96946343364705,5.192035936976251e-11
78.02700547308147,5.5815214760545596e-11
78.0845475125159,4.6963173272410236e-11
78.14208955195032,4.488644375283503e-11
78.19963159138476,4.9322623516755587e-11
78.25717363081918,4.6674509409179874e-11
78.3147156702536,4.3598893083397956e-11
78.37225770968803,4.6082145273029354e-11
78.42979974912245,4.341916012584969e-11
78.48734178855688,3.8643327454444094e-11
78.54488382799131,4.7247733618316094e-11
78.60242586742574,4.632868401598178e-11
78.65996790686016,4.237844161495789e-11
78.71750994629458,4.253155068345524e-11
78.77505198572901,3.773397946476944e-11
78.83259402516343,3.601258734297662e-11
78.89013606459787,3.7208470712674035e-11
78.94767810403229,3.498882621415003e-11
79.00522014346672,3.557200063361509e-11
79.06276218290114,3.231853618108371e-11
79.12030422233556,3.4624103505796817e-11
79.17784626176999,3.6316673262335345e-11
79.23538830120442,3.8158210890188325e-11
79.29293034063885,4.0014064863664925e-11
79.35047238007327,3.737296781835085e-11
79.4080144195077,2.8198777331964817e-11
79.46555645894212,2.6605707543571544e-11
79.52309849837654,3.1329692048697376e-11
79.58064053781098,3.274091783335634e-11
79.6381825772454,2.863286673885779e-11
79.69572461667983,2.980222294278117e-11
79.75326665611425,3.1570482920948386e-11
79.81080869554867,2.912013380070534e-11
79.8683507349831,3.2062662494149396e-11
79.92589277441753,3.2799075723575364e-11
79.98343481385196,2.8797863907662463e-11
80.04097685328638,2.6231044708043525e-11
80.0985188927208,2.552454876001559e-11
80.15606093215523,2.7532124773564454e-11
80.21360297158965,2.649622496897733e-11
80.27114501102409,2.5193294165837755e-11
80.32868705045851,2.4885348042616436e-11
80.38622908989294,2.3267851206098697e-11
80.44377112932736,2.759742394279371e-11
80.50131316876178,2.994945276229671e-11
80.5588552081962,2.5505057084935875e-11
80.61639724763064,2.2424159926383613e-11
80.67393928706507,2.363146169798403e-11
80.73148132649949,1.9652956936020164e-11
80.78902336593391,1.9115745752647678e-11
80.84656540536834,2.3606114074532504e-11
80.90410744480276,2.3555831095105897e-11
80.9616494842372,1.8768896847493612e-11
81.01919152367162,2.0350801424271483e-11
81.07673356310605,1.9857507751062155e-11
81.13427560254047,1.9120212157209292e-11
81.1918176419749,1.5402963307581422e-11
81.24935968140932,1.823980205058184e-11
81.30690172084375,2.0085454797323232e-11
81.36444376027818,2.2017775917670052e-11
81.4219857997126,2.3036172255734324e-11
81.47952783914702,2.103924439172804e-11
81.53706987858145,1.6962228653029582e-11
81.59461191801587,1.617829112676557e-11
81.65215395745031,1.588253854676729e-11
81.70969599688473,1.509041282605563e-11
81.76723803631916,1.702156949312519e-11
81.82478007575358,1.8535283671054856e-11
81.882322115188,1.682647462968846e-11
81.93986415462243,1.6127151382372827e-11
81.99740619405686,1.5152347060727596e-11
82.05494823349129,1.321533898328141e-11
82.11249027292571,1.4866990992533626e-11
82.17003231236014,1.4790179006585713e-11
82.22757435179456,1.5190609727643586e-11
82.28511639122898,1.6054554459703138e-11
82.34265843066342,1.4294415338109562e-11
82.40020047009784,1.3483034200792631e-11
82.45774250953227,1.528624222589101e-11
82.51528454896669,1.4087609635754394e-11
82.57282658840111,1.4605721372567887e-11
82.63036862783555,1.4031647278976117e-11
82.68791066726997,1.2098686777428043e-11
82.7454527067044,1.1254441823139067e-11
82.80299474613882,1.1596839397657514e-11
82.86053678557325,1.3656235243995918e-11
82.91807882500767,1.3625880474087048e-11
82.9756208644421,1.1553709092064241e-11
83.03316290387653,1.2130630904892252e-11
83.09070494331095,1.265398858212677e-11
83.14824698274538,1.1355493701119025e-11
83.2057890221798,1.0167801901514787e-11
83.26333106161422,1.1184450427620615e-11
83.32087310104866,1.0279517875607478e-11
83.37841514048309,9.99460239763944e-12
83.43595717991751,1.0393847007817642e-11
83.49349921935193,9.885652163788498e-12
83.55104125878636,1.0074727907977979e-11
83.60858329822078,1.1134498836411559e-11
83.66612533765522,1.1013833302536067e-11
83.72366737708964,1.0032246536694728e-11
83.78120941652406,8.137476001667401e-12
83.83875145595849,9.248038802417678e-12
83.89629349539291,1.0335866328161618e-11
83.95383553482733,9.409666449335917e-12
84.01137757426177,9.25053365142689e-12
84.0689196136962,8.599632288170748e-12
84.12646165313062,8.268276444303212e-12
84.18400369256504,8.74736873201138e-12
84.24154573199947,8.484426401395375e-12
84.29908777143389,8.704885877494161e-12
84.35662981086833,8.637713413279e-12
84.41417185030275,8.019654755295418e-12
84.47171388973717,7.726960049829743e-12
84.5292559291716,7.285095886444975e-12
84.58679796860602,7.815088439947804e-12
84.64434000804044,6.699122284323048e-12
84.70188204747488,8.15735691952307e-12
84.7594240869093,7.955733936973581e-12
84.81696612634373,7.315802493052614e-12
84.87450816577815,6.7108163736686744e-12
84.93205020521258,8.470618092171819e-12
84.989592244647,7.055369938301782e-12
85.04713428408144,5.960365248854917e-12
85.10467632351586,6.0638642488640734e-12
85.16221836295028,6.245162464448823e-12
85.21976040238471,6.797312252434761e-12
85.27730244181913,6.970270479023192e-12
85.33484448125355,6.1967638425212094e-12
85.39238652068799,5.528156638380593e-12
85.44992856012242,5.253443793531161e-12
85.50747059955684,6.1406890351524065e-12
85.56501263899126,5.878065003524938e-12
85.62255467842569,4.344039304100925e-12
85.68009671786011,5.505442782727379e-12
85.73763875729455,6.431752014466824e-12
85.79518079672897,6.3523432888390174e-12
85.8527228361634,7.1411832582037935e-12
85.91026487559782,6.373361693957779e-12
85.96780691503224,4.8348131002994804e-12
86.02534895446666,4.68701130802407e-12
86.0828909939011,4.199622219634809e-12
86.14043303333553,4.236099571790011e-12
86.19797507276995,5.353106001008508e-12
86.25551711220437,5.8642979198265644e-12
86.3130591516388,4.3803597340925886e-12
86.37060119107322,4.465053836305735e-12
86.42814323050766,4.553737010916688e-12
86.48568526994208,4.314337400771468e-12
86.5432273093765,4.62031735224347e-12
86.60076934881093,4.872875989501127e-12
86.65831138824535,3.9872134149665644e-12
86.71585342767978,4.18657834180532e-12
86.77339546711421,4.089268759766923e-12
86.83093750654864,3.5037433841752934e-12
86.88847954598306,3.4306626102529725e-12
86.94602158541748,3.5522054660717405e-12
87.0035636248519,3.890076332774976e-12
87.06110566428633,4.285113020569906e-12
87.11864770372077,4.5765046249609484e-12
87.17618974315519,3.677261334293253e-12
87.23373178258962,3.796828140669223e-12
87.29127382202404,4.418113211477838e-12
87.34881586145846,3.701729465923854e-12
87.40635790089289,3.564972097028533e-12
87.46389994032732,3.4505693110666195e-12
87.52144197976175,3.5788547215122848e-12
87.57898401919617,3.3342884879786882e-12
87.6365260586306,2.793408691390809e-12
87.69406809806502,2.6825659197582603e-12
87.75161013749944,3.009526765114198e-12
87.80915217693388,3.0652166487020775e-12
87.8666942163683,3.3668801804229226e-12
87.92423625580273,3.72816270802585e-12
87.98177829523715,3.4708710754856002e-12
88.03932033467157,3.315067911693913e-12
88.096862374106,3.257190369806161e-12
88.15440441354043,2.77320311428354e-12
88.21194645297486,2.3827639601612338e-12
88.26948849240928,2.4275904845805743e-12
88.3270305318437,2.9178914368837123e-12
88.38457257127813,2.5254004497928647e-12
88.44211461071255,2.111803361047728e-12
88.49965665014699,2.234587050279454e-12
88.55719868958141,2.3835745979170158e-12
88.61474072901584,2.631047961704489e-12
88.67228276845026,3.11744817759821e-12
88.72982480788468,2.9145444948589925e-12
88.7873668473191,2.3901477348421517e-12
88.84490888675354,2.586850589188317e-12
88.90245092618797,2.30762436821769e-12
88.95999296562239,2.1362889541871303e-12
89.01753500505681,2.004697170347342e-12
89.07507704449124,1.874824081214441e-12
89.13261908392566,2.0043710649595893e-12
89.1901611233601,2.1869168365529044e-12
89.24770316279452,2.061833839083531e-12
89.30524520222895,2.521515882489673e-12
89.36278724166337,2.615642676675101e-12
89.42032928109779,2.267092160366693e-12
89.47787132053222,1.91941750109773e-12
89.53541335996665,1.5288706552324373e-12
89.59295539940108,1.7635595565283577e-12
89.6504974388355,1.917704642579484e-12
89.70803947826992,1.805645137469194e-12
89.76558151770435,1.6512421322240154e-12
89.82312355713877,2.023771565885685e-12
89.88066559657321,2.143297066942039e-12
89.93820763600763,1.8138743726163283e-12
89.99574967544206,1.4481583580381276e-12
90.05329171487648,1.5486701595717037e-12
90.1108337543109,1.8217844054422794e-12
90.16837579374533,1.6763200759713204e-12
90.22591783317976,1.7542575445018771e-12
90.28345987261419,1.5545269743203733e-12
90.34100191204861,1.3392093108985152e-12
90.39854395148303,1.3755100920541922e-12
90.45608599091746,1.380650599034752e-12
90.51362803035188,1.6533787399496676e-12
90.57117006978632,1.5746950547035423e-12
90.62871210922074,1.3923475331597345e-12
90.68625414865517,1.537394421066562e-12
90.74379618808959,1.4978266272119126e-12
90.80133822752401,1.4222051359812815e-12
90.85888026695844,1.397110362945051e-12
90.91642230639287,1.1598742726780978e-12
90.9739643458273,1.3360086310609225e-12
91.03150638526172,1.292581758306085e-12
91.08904842469614,1.1277429676759222e-12
91.14659046413057,1.1518897414344162e-12
91.20413250356499,1.2997566987802634e-12
91.26167454299943,1.3749677137765732e-12
91.31921658243385,1.3058154214716542e-12
91.37675862186828,1.0494709088972973e-12
91.4343006613027,1.2565832035775137e-12
91.49184270073712,1.1003134844957854e-12
91.54938474017155,1.0877265172912069e-12
91.60692677960598,1.108450334466841e-12
91.66446881904041,1.0814413964376517e-12
91.72201085847483,1.127366944939718e-12
91.77955289790926,1.2122038304136075e-12
91.83709493734368,1.1025340138730348e-12
91.8946369767781,1.0803260387835277e-12
91.95217901621254,8.816422775882329e-13
92.00972105564696,8.674829010993627e-13
92.06726309508139,8.690478395308531e-13
92.12480513451581,9.441692824862188e-13
92.18234717395023,8.910239641928271e-13
92.23988921338466,9.566299314360222e-13
92.2974312528191,9.6549097726213e-13
92.35497329225352,8.699025116550952e-13
92.41251533168794,9.99856130807663e-13
92.47005737112237,8.885404788868384e-13
92.52759941055679,7.340718145250346e-13
92.58514144999121,8.080338028706237e-13
92.64268348942565,8.925079033760691e-13
92.70022552886007,8.432998741429627e-13
92.7577675682945,7.044013618329152e-13
92.81530960772892,7.345203136567351e-13
92.87285164716334,7.697504477895528e-13
92.93039368659777,7.765745141154065e-13
92.9879357260322,7.489802621899092e-13
93.04547776546663,7.535675214875436e-13
93.10301980490105,7.637850072763972e-13
93.16056184433548,7.668889957545944e-13
93.2181038837699,6.824202064791455e-13
93.27564592320432,6.82843061373202e-13
93.33318796263876,7.164327272813177e-13
93.39073000207318,6.711200816393123e-13
93.44827204150761,6.826900733683266e-13
93.50581408094203,6.43158343965752e-13
93.56335612037645,6.85488278522926e-13
93.62089815981088,6.837581220964454e-13
93.67844019924532,6.116079019456695e-13
93.73598223867974,6.24660245702264e-13
93.79352427811416,6.32695233127637e-13
93.85106631754859,4.709427421816502e-13
93.90860835698301,5.021793781155762e-13
93.96615039641743,5.184763597990486e-13
94.02369243585187,5.69659459852549e-13
94.0812344752863,5.850519143505572e-13
94.13877651472072,5.465473123869266e-13
94.19631855415514,5.211867531260186e-13
94.25386059358956,5.879584119142971e-13
94.311402633024,5.444016084785471e-13
94.36894467245843,4.904747265581157e-13
94.42648671189285,4.832547626729451e-13
94.48402875132727,4.3638984571152693e-13
94.5415707907617,4.760370806609752e-13
94.59911283019612,5.772303598990089e-13
94.65665486963056,5.208513808920808e-13
94.71419690906498,4.635741049799595e-13
94.7717389484994,4.205942643621741e-13
94.82928098793383,4.2938802749921366e-13
94.88682302736825,3.857922543368824e-13
94.94436506680267,4.05164825397304e-13
95.00190710623711,4.064094151580003e-13
95.05944914567154,3.5187065426185536e-13
95.11699118510596,4.647793205984428e-13
95.17453322454038,4.1984967964257324e-13
95.2320752639748,4.698366566604685e-13
95.28961730340923,4.2810483887260205e-13
95.34715934284367,4.1077531001487374e-13
95.40470138227809,3.5818501792661017e-13
95.46224342171251,3.8362611804480155e-13
95.51978546114694,3.9613566003205443e-13
95.57732750058136,3.518434818055326e-13
95.63486954001579,3.411524881421152e-13
95.69241157945022,3.0022970487393785e-13
95.74995361888465,2.477371746093177e-13
95.80749565831907,3.055071549994265e-13
95.8650376977535,3.919593312439769e-13
95.92257973718792,4.131649675123561e-13
95.98012177662234,3.3776945296630256e-13
96.03766381605678,3.341197150934905e-13
96.0952058554912,2.995158784385093e-13
96.15274789492562,2.981158053670765e-13
96.21028993436005,3.072561058672244e-13
96.26783197379447,2.760227104079219e-13
96.3253740132289,2.4123954149182856e-13
96.38291605266333,2.650830556095589e-13
96.44045809209776,2.8465905168202394e-13
96.49800013153218,2.8411576634673077e-13
96.5555421709666,3.106628313785004e-13
96.61308421040103,3.0454398029442485e-13
96.67062624983545,2.9210840556740307e-13
96.72816828926989,2.886551954118496e-13
96.78571032870431,2.5807794659128035e-13
96.84325236813874,2.07294048239736e-13
96.90079440757316,1.9925444641597603e-13
96.95833644700758,2.1501719449282629e-13
97.015878486442,2.738668331563693e-13
97.07342052587644,2.4776340109159557e-13
97.13096256531087,2.4046126888861015e-13
97.18850460474529,2.3286906716726367e-13
97.24604664417971,2.3903013713954663e-13
97.30358868361414,2.277548044841197e-13
97.36113072304856,2.3615739280935997e-13
97.418672762483,2.0435702607541305e-13
97.47621480191742,2.0259362839722307e-13
97.53375684135185,1.8656104851167525e-13
97.59129888078627,1.9015900767066e-13
97.64884092022069,2.080825544876412e-13
97.70638295965512,2.22906944982954e-13
97.76392499908955,2.3128725589267933e-13
97.82146703852398,2.151261741378165e-13
97.8790090779584,1.8631590848753052e-13
97.93655111739282,1.7241221728746654e-13
97.99409315682725,1.6794211694530332e-13
98.05163519626167,1.6748079114983329e-13
98.10917723569611,1.7746887037743782e-13
98.16671927513053,1.9052457441857424e-13
98.22426131456496,1.7547002519598604e-13
98.28180335399938,1.4561692551316276e-13
98.3393453934338,1.5808899412748386e-13
98.39688743286823,1.659713214939373e-13
98.45442947230266,1.3960500448611683e-13
98.51197151173709,1.567213266084795e-13
98.56951355117151,1.6783140827137007e-13
98.62705559060593,1.6144520831882957e-13
98.68459763004036,1.3644293365185613e-13
98.74213966947478,1.380313613962965e-13
98.79968170890922,1.4386205414065877e-13
98.85722374834364,1.5172591098751788e-13
98.91476578777807,1.6156260489069167e-13
98.97230782721249,1.5993392484860744e-13
99.02984986664691,1.5615276235605157e-13
99.08739190608134,1.3186204638308782e-13
99.14493394551577,1.188967766848054e-13
99.2024759849502,1.2257415531190754e-13
99.26001802438462,1.228309311886278e-13
99.31756006381904,1.3306246660455893e-13
99.37510210325347,1.2109032071782554e-13
99.43264414268789,1.1505416351875096e-13
99.49018618212233,1.1078046030210448e-13
99.54772822155675,1.3000788044615526e-13
99.60527026099118,1.2059647491193772e-13
99.6628123004256,1.0987238470281523e-13
99.72035433986002,1.051804430363559e-13
99.77789637929445,1.0561097058628388e-13
99.83543841872888,9.135117433577986e-14
99.89298045816331,1.0918896951030236e-13
99.95052249759773,1.3735182808820345e-13
100.00806453703215,1.1552549618768378e-13
100.06560657646658,9.95378465944133e-14
100.123148615901,9.655224624748225e-14
100.18069065533544,9.557136818967769e-14
100.23823269476986,9.063634020642659e-14
100.29577473420429,7.743813515033836e-14
100.35331677363871,8.722718429239247e-14
100.41085881307313,8.851805776977096e-14
100.46840085250756,1.1216661758988297e-13
100.525942891942,9.232918909532527e-14
100.58348493137642,9.770329068155197e-14
100.64102697081084,1.00089988036707e-13
100.69856901024527,8.088012973259046e-14
100.75611104967969,7.346123885764563e-14
100.81365308911411,7.214659752819901e-14
100.87119512854855,8.122260136241711e-14
100.92873716798297,7.675732687490427e-14
100.9862792074174,8.341093412453262e-14
101.04382124685182,8.9101775497552e-14
101.10136328628624,7.619403303112921e-14
101.15890532572067,7.368668047874882e-14
101.2164473651551,8.031135136613971e-14
101.27398940458953,7.146139130805196e-14
101.33153144402395,6.80332305227937e-14
101.38907348345838,6.41590532511231e-14
101.4466155228928,6.816112917291936e-14
101.50415756232722,6.942359864535151e-14
101.56169960176166,7.140168941811646e-14
101.61924164119608,6.766931114566273e-14
101.6767836806305,5.714706194568324e-14
101.73432572006493,6.101278340084447e-14
101.79186775949935,7.814543399526366e-14
101.84940979893378,5.695131926264173e-14
101.90695183836822,5.4767892791796267e-14
101.96449387780264,6.767439019288238e-14
102.02203591723706,6.477802997011899e-14
102.07957795667149,5.431645762618768e-14
102.13711999610591,4.9608084593877765e-14
102.19466203554033,5.593404931081038e-14
102.25220407497477,4.885738892112182e-14
102.3097461144092,5.2227981690536265e-14
102.36728815384362,5.5986572952456825e-14
102.42483019327804,5.704116976591637e-14
102.48237223271246,5.80390216598509e-14
102.53991427214689,5.134331189653876e-14
102.59745631158133,4.624791164132907e-14
102.65499835101575,4.777207004009004e-14
102.71254039045017,5.3457977989406644e-14
102.7700824298846,5.174053110015556e-14
102.82762446931902,4.386266430896165e-14
102.88516650875344,4.3680202016909124e-14
102.94270854818788,4.695705879252622e-14
103.0002505876223,4.771672997561951e-14
103.05779262705673,5.0112900424942276e-14
103.11533466649115,4.3241585804881836e-14
103.17287670592557,3.496032219881786e-14
103.23041874536,4.325952336721587e-14
103.28796078479444,4.264991930704904e-14
103.34550282422886,4.183776771196031e-14
103.40304486366328,3.9943733012783095e-14
103.4605869030977,4.161991410456663e-14
103.51812894253213,3.576346420661924e-14
103.57567098196655,3.468558942368846e-14
103.63321302140099,4.0671015022022635e-14
103.69075506083541,3.4357503650497504e-14
103.74829710026984,3.527267548884921e-14
103.80583913970426,3.853961448390166e-14
103.86338117913868,4.271484912283033e-14
103.92092321857311,3.990092309457551e-14
103.97846525800755,3.4579373551856363e-14
104.03600729744197,3.3340634342897684e-14
104.09354933687639,3.127286601953482e-14
104.15109137631082,2.7702947349098546e-14
104.20863341574524,2.646969969632931e-14
104.26617545517966,3.1894519593191005e-14
104.3237174946141,3.3144285731871634e-14
104.38125953404852,3.395854548872854e-14
104.43880157348295,3.094266233842167e-14
104.49634361291737,2.688732973763233e-14
104.5538856523518,2.908132781377954e-14
104.61142769178622,3.019719584092017e-14
104.66896973122066,3.550983131648256e-14
104.72651177065508,2.906580644405166e-14
104.7840538100895,2.6030505401428007e-14
104.84159584952393,2.1881422909694775e-14
104.89913788895835,2.443959092337192e-14
104.95667992839277,2.8311101425454413e-14
105.01422196782721,2.7602313140395308e-14
105.07176400726163,2.5025386864904117e-14
105.12930604669606,2.5552055693644146e-14
105.18684808613048,2.5743897599239315e-14
105.2443901255649,2.2785550013101985e-14
105.30193216499933,2.5192257316528853e-14
105.35947420443377,2.855697643421985e-14
105.41701624386819,2.347136192946273e-14
105.47455828330261,2.1628576900893646e-14
105.53210032273704,2.0900606184276623e-14
105.58964236217146,2.266737019248224e-14
105.64718440160588,1.7986894134814737e-14
105.70472644104032,1.7170245155856228e-14
105.76226848047475,1.9588860869299066e-14
105.81981051990917,1.9714447486429538e-14
105.87735255934359,2.3578155948790283e-14
105.93489459877802,2.655578759099818e-14
105.99243663821244,1.9753252341637555e-14
106.04997867764688,1.8920836495539172e-14
106.1075207170813,1.8434381390209842e-14
106.16506275651572,1.8410996432583295e-14
106.22260479595015,2.0464655522316058e-14
106.28014683538457,1.9469784013969038e-14
106.33768887481901,1.5678520981165142e-14
106.39523091425343,1.8949995758473518e-14
106.45277295368786,2.0461999001804824e-14
106.51031499312228,1.6728294496865637e-14
106.5678570325567,1.368870814698748e-14
106.62539907199113,1.4575173417314327e-14
106.68294111142556,1.6826649864216723e-14
106.74048315085999,1.6169440842424354e-14
106.79802519029441,1.5430905835456465e-14
106.85556722972883,1.3531665786954844e-14
106.91310926916326,1.5162765002887445e-14
106.97065130859768,1.5474300369900884e-14
107.02819334803212,1.4048448329152766e-14
107.08573538746654,1.662699176064966e-14
107.14327742690097,1.7548524645831514e-14
107.20081946633539,1.4326358307446162e-14
107.25836150576981,1.2959140314816412e-14
107.31590354520424,1.4277321261663048e-14
107.37344558463867,1.6273523728432127e-14
107.4309876240731,1.4877372420574602e-14
107.48852966350752,1.261630348425866e-14
107.54607170294194,1.210322495702521e-14
107.60361374237637,1.146326425703619e-14
107.66115578181079,1.2319084081584551e-14
107.71869782124523,1.1769003645779996e-14
107.77623986067965,1.3559056547115483e-14
107.83378190011408,1.2090190483785203e-14
107.8913239395485,1.2705713255102976e-14
107.94886597898292,1.3070731224609943e-14
108.00640801841735,1.1480179130589637e-14
108.06395005785178,1.0794520479930707e-14
108.12149209728621,1.1580139667122909e-14
108.17903413672063,1.0625074844684289e-14
108.23657617615505,1.0626381757852072e-14
108.29411821558948,9.959104085278827e-15
108.3516602550239,1.2013054659847666e-14
108.40920229445834,9.397467236069683e-15
108.46674433389276,9.247362843076807e-15
108.52428637332719,9.654196808583148e-15
108.58182841276161,9.369037308718534e-15
108.63937045219603,9.901880082187592e-15
108.69691249163046,1.2312744434953218e-14
108.7544545310649,9.822363622496145e-15
108.81199657049932,9.266267429434413e-15
108.86953860993374,7.886234038209e-15
108.92708064936816,7.592022509948539e-15
108.98462268880259,8.795885415905034e-15
109.04216472823701,9.069554214758927e-15
109.09970676767145,8.306590538617078e-15
109.15724880710587,9.098797615407013e-15
109.2147908465403,1.0276182703796673e-14
109.27233288597472,8.353435545295314e-15
109.32987492540914,9.215526967590454e-15
109.38741696484357,8.954171140890823e-15
109.444959004278,7.055179687687745e-15
109.50250104371243,6.99499651768015e-15
109.56004308314685,7.61751304554553e-15
109.61758512258127,7.221804287733697e-15
109.6751271620157,7.983214034372526e-15
109.73266920145012,6.958250531406957e-15
109.79021124088456,7.624474659880682e-15
109.84775328031898,7.025867069863128e-15
109.9052953197534,7.273969395490663e-15
109.96283735918783,7.865211676771703e-15
110.02037939862225,7.69806665256558e-15
110.07792143805668,6.711453402065937e-15
110.13546347749111,5.8915530709044995e-15
110.19300551692554,6.028630146114023e-15
110.25054755635996,6.3170312111844035e-15
110.30808959579439,6.8525135177789534e-15
110.36563163522881,7.111040503807446e-15
110.42317367466323,5.8303388163762225e-15
110.48071571409767,5.605067651302563e-15
110.5382577535321,4.971967847509739e-15
110.59579979296652,5.088279277787795e-15
110.65334183240094,5.0810386948750835e-15
110.71088387183536,6.987314821544363e-15
110.76842591126979,7.252796385423695e-15
110.82596795070423,6.163714975881959e-15
110.88350999013865,5.2909554330090345e-15
110.94105202957307,5.350493260188322e-15
110.9985940690075,5.118677410032424e-15
111.05613610844192,4.99652300230855e-15
111.11367814787634,5.436984757530229e-15
111.17122018731078,5.3840625188719065e-15
111.2287622267452,6.048391223045891e-15
111.28630426617963,5.208542099766872e-15
111.34384630561405,4.31523190402832e-15
111.40138834504847,4.726547000555524e-15
111.4589303844829,4.5315067889910815e-15
111.51647242391734,4.2575555548502566e-15
111.57401446335176,4.111985900530173e-15
111.63155650278618,4.73738716863945e-15
111.6890985422206,4.174839243575057e-15
111.74664058165503,4.638323833560956e-15
111.80418262108945,5.985999574697509e-15
111.86172466052389,4.699745934517754e-15
111.91926669995831,4.558803521651473e-15
111.97680873939274,4.201003751996664e-15
112.03435077882716,3.7244768942423684e-15
112.09189281826158,3.784470364500972e-15
112.14943485769601,3.965976346997269e-15
112.20697689713045,3.859514973554851e-15
112.26451893656487,3.758713740815218e-15
112.32206097599929,4.071981670208112e-15
112.37960301543372,4.239868305308959e-15
112.43714505486814,3.628182208148939e-15
112.49468709430256,3.288599256218095e-15
112.552229133737,3.4551143733313326e-15
112.60977117317142,3.728882097893307e-15
112.66731321260585,4.403497279386194e-15
112.72485525204027,3.5517385502253553e-15
112.7823972914747,2.997425784512751e-15
112.83993933090912,2.8945177688816815e-15
112.89748137034356,2.933357090759671e-15
112.95502340977798,3.566619463952213e-15
113.0125654492124,3.6303222079768035e-15
113.07010748864683,3.3555098319748336e-15
113.12764952808125,3.291842090442894e-15
113.18519156751567,3.1647790403514232e-15
113.24273360695011,3.0891362710415345e-15
113.30027564638453,2.9667172405920858e-15
113.35781768581896,2.8221908474543932e-15
113.41535972525338,3.0224407584413e-15
113.4729017646878,3.300164338170532e-15
113.53044380412223,3.1461738819277667e-15
113.58798584355667,2.735326192100241e-15
113.64552788299109,2.774734806281175e-15
113.70306992242551,3.178743705835433e-15
113.76061196185994,2.9412279736526384e-15
113.81815400129436,2.79238930283172e-15
113.87569604072878,2.597570739324978e-15
113.93323808016322,2.7614581256413566e-15
113.99078011959764,2.905179443993807e-15
114.04832215903207,2.361839850472978e-15
114.10586419846649,3.108047434044802e-15
114.16340623790092,2.9455338426849473e-15
114.22094827733534,2.4581308011677187e-15
114.27849031676978,2.6128001657591948e-15
114.3360323562042,2.34287312083933e-15
114.39357439563862,2.6479462520634695e-15
114.45111643507305,2.358733254185218e-15
114.50865847450747,2.414924471201744e-15
114.5662005139419,2.298114403292901e-15
114.62374255337633,2.5606496838837996e-15
114.68128459281075,2.4414570544459346e-15
114.73882663224518,2.3937616361354065e-15
114.7963686716796,2.4238097934655747e-15
114.85391071111403,2.171628809487524e-15
114.91145275054845,1.7865457493363327e-15
114.96899478998289,2.0134499868666524e-15
115.02653682941731,2.2426469141218815e-15
115.08407886885173,2.1654399443108045e-15
115.14162090828616,2.464671498976642e-15
115.19916294772058,2.6116556881468016e-15
115.256704987155,2.5210213405506484e-15
115.31424702658944,2.455951915550606e-15
115.37178906602387,1.8119680098127036e-15
115.42933110545829,1.7684763044125887e-15
115.48687314489271,1.8982548021298376e-15
115.54441518432714,2.1268066848139023e-15
115.60195722376156,1.939622298245458e-15
115.659499263196,2.363793119319202e-15
115.71704130263042,2.4365786382783857e-15
115.77458334206484,2.147900559345494e-15
115.83212538149927,2.0333466526679055e-15
115.88966742093369,2.051293006977357e-15
115.94720946036811,1.8033359880497384e-15
116.00475149980255,1.7160259387607703e-15
116.06229353923698,1.7094713086464499e-15
116.1198355786714,1.7768834374783824e-15
116.17737761810582,1.99689763702213e-15
116.23491965754025,1.9913867563076162e-15
116.29246169697467,1.6889670364644124e-15
116.3500037364091,1.9431884757041083e-15
116.40754577584353,2.2284730008959456e-15
116.46508781527795,2.2171557781956612e-15
116.52262985471238,1.9789652363061943e-15
116.5801718941468,1.9600770129930375e-15
116.63771393358122,1.824174514146521e-15
116.69525597301566,1.6521238354144486e-15
116.75279801245009,1.6490644116623968e-15
116.81034005188451,1.6526577955382569e-15
116.86788209131893,1.6067857036972195e-15
116.92542413075336,1.7156177116993416e-15
116.98296617018778,2.040264711524837e-15
117.04050820962222,1.7586318197608767e-15
117.09805024905664,2.049090457994715e-15
117.15559228849106,1.863934232758477e-15
117.21313432792549,1.5782570319023736e-15
117.27067636735991,1.5264681157458399e-15
117.32821840679433,1.6168861074879082e-15
117.38576044622877,1.6336490131758276e-15
117.4433024856632,1.8409325147564464e-15
117.50084452509762,1.97919367284456e-15
117.55838656453204,2.131650122286506e-15
117.61592860396647,2.110092721813083e-15
117.67347064340089,1.9993079262464556e-15
117.73101268283533,1.6882622785040735e-15
117.78855472226975,1.5187885251413186e-15
117.84609676170417,7.269789765129434e-16
